id,value,nok,ffiak,wage_dif,mean_wage_fem,mean_wage_male,noi_honap,ffi_honap,gender_dom,relevant_wagedif_norm,wage_sign,wagegap,tenure_dif,id_labels
0,4993,,,,,,,,,,,,,0
0.17,22,2,19,,2646.615,1884.6711,7,18.736841,1,,,0,1,"0.Technical, information technology, science related professionals"
0.17.15,12,0,11,32.56163,,16270.82,,1,1,0,1,,,"0.Technical, information technology, science related professionals.Managing directors, managers"
0.20,8,4,4,,142.83786,683.56293,45.25,31.5,0,,,1,0,"0.Educators, teachers"
0.20.15,3,3,0,123.00426,14355.241,,1,,2,0,1,,,"0.Educators, teachers.Managing directors, managers"
0.21,22,11,10,,1065.2783,1008.7973,22.545454,27.1,0,,,0,1,"0.Business type, legal and social sciences professionals"
0.21.15,9,7,2,186.68498,18193.248,12862.903,1,1,2,0,1,0,0,"0.Business type, legal and social sciences professionals.Managing directors, managers"
0.22,7,1,6,,429.25034,1028.115,9,9.666667,1,,,1,1,"0.Culture, sports, arts and religion professionals"
0.22.15,3,0,3,284.00107,,9125.25,,1,1,0,1,,,"0.Culture, sports, arts and religion professionals.Managing directors, managers"
0.23,14,5,8,,846.29858,1631.473,10.4,8.75,1,,,1,0,0.Other highly qualified executives
0.23.15,3,1,2,319.06067,12091.389,8296.5664,1,1,1,0,1,0,0,"0.Other highly qualified executives.Managing directors, managers"
0.24,74,15,59,,1281.1937,1593.8214,10.133333,17.898306,1,,,1,1,0.Technicians and technical professionals
0.24.15,28,2,26,1569.1588,4150.1514,11668.143,1,1,1,1,1,1,0,"0.Technicians and technical professionals.Managing directors, managers"
0.24.17,4,0,4,3807.5386,,970.20984,,30.25,1,1,1,,,"0.Technicians and technical professionals.Technical, information technology, science related professionals"
0.24.17.15,4,0,4,556.63342,,29206.67,,1,1,1,1,,,"0.Technicians and technical professionals.Technical, information technology, science related professionals.Managing directors, managers"
0.24.34,5,2,3,113.437,1994.9861,343.44406,11,12.333333,1,0,1,0,1,0.Technicians and technical professionals.Commercial and catering occupations
0.24.34.15,3,1,2,292.74237,7047.6494,11187.874,1,1,1,0,1,1,0,"0.Technicians and technical professionals.Commercial and catering occupations.Managing directors, managers"
0.26,8,4,3,,349.43369,951.22223,28.75,35.666668,0,,,1,1,0.Health professionals
0.26.15,3,1,1,150.78503,17584.307,9435.4834,1,1,0,0,1,0,0,"0.Health professionals.Managing directors, managers"
0.28,23,17,6,,811.95819,2386.5071,32.117645,9,2,,,1,0,"0.Social health care, labour market services professionals"
0.28.15,6,6,0,309.32416,9550.6055,,1,,2,0,1,,,"0.Social health care, labour market services professionals.Managing directors, managers"
0.28.34,5,3,2,1380.7783,340.34692,379.15521,50,28,0,1,1,1,0,"0.Social health care, labour market services professionals.Commercial and catering occupations"
0.28.34.15,4,2,2,137.21397,16761.406,11943.508,1,1,0,0,1,0,0,"0.Social health care, labour market services professionals.Commercial and catering occupations.Managing directors, managers"
0.29,171,102,68,,1211.8705,1864.9774,19.088236,14.220589,0,,,1,0,"0.Business related services administrators, agents"
0.29.15,40,22,18,615.25543,11360.899,10736.244,1,1,0,1,1,0,0,"0.Business related services administrators, agents.Managing directors, managers"
0.29.21,12,6,6,1536.9106,1094.9933,1110.0692,11.166667,20,0,1,1,1,1,"0.Business related services administrators, agents.Business type, legal and social sciences professionals"
0.29.21.15,4,2,2,332.11377,12771.098,36668.289,1,1,0,0,1,1,0,"0.Business related services administrators, agents.Business type, legal and social sciences professionals.Managing directors, managers"
0.29.24,4,1,3,59.276726,317.5871,1623.3711,16,11,1,0,1,1,0,"0.Business related services administrators, agents.Technicians and technical professionals"
0.29.24.15,3,0,3,1554.3134,,14370.033,,1,1,1,1,,,"0.Business related services administrators, agents.Technicians and technical professionals.Managing directors, managers"
0.29.31,9,6,3,1884.3459,2616.0615,4012.604,13.333333,2.3333333,2,1,1,1,0,"0.Business related services administrators, agents.Other administrators"
0.29.31.15,3,1,2,1094.2081,9677.4189,11937.523,1,1,1,1,1,1,0,"0.Business related services administrators, agents.Other administrators.Managing directors, managers"
0.29.32,10,10,0,663.63776,1902.1335,,14.6,,2,1,1,,,"0.Business related services administrators, agents.Office clerks"
0.29.32.15,4,4,0,234.43018,9750.2822,,1,,2,0,1,,,"0.Business related services administrators, agents.Office clerks.Managing directors, managers"
0.29.33,22,17,5,249.33759,911.39685,2761.8208,23.705883,7.5999999,2,0,1,1,0,"0.Business related services administrators, agents.Customer services occupations"
0.29.33.15,10,7,3,11.179028,10622.757,7496.0366,1,1,2,0,1,0,0,"0.Business related services administrators, agents.Customer services occupations.Managing directors, managers"
0.29.33.34,5,4,1,-559.26465,687.82043,5409.0967,10.25,1,2,0,0,1,0,"0.Business related services administrators, agents.Customer services occupations.Commercial and catering occupations"
0.29.33.34.15,4,3,1,752.29022,7604.0459,7594.0181,1,1,2,1,1,0,0,"0.Business related services administrators, agents.Customer services occupations.Commercial and catering occupations.Managing directors, managers"
0.29.34,30,18,12,832.80121,1561.4403,1664.4218,14.444445,18,0,1,1,1,1,"0.Business related services administrators, agents.Commercial and catering occupations"
0.29.34.15,16,11,5,344.30914,10943.74,10835.779,1,1,2,0,1,0,0,"0.Business related services administrators, agents.Commercial and catering occupations.Managing directors, managers"
0.29.48,10,6,4,914.47009,944.86572,2196.0586,12.333333,22.25,0,1,1,1,1,"0.Business related services administrators, agents.Occupations not requiring qualifications"
0.29.48.34,6,4,2,657.75177,1082.9496,305.68005,28.5,21,2,1,1,0,0,"0.Business related services administrators, agents.Occupations not requiring qualifications.Commercial and catering occupations"
0.29.48.34.15,4,3,1,178.10181,16453.039,7136.4673,1,1,2,0,1,0,0,"0.Business related services administrators, agents.Occupations not requiring qualifications.Commercial and catering occupations.Managing directors, managers"
0.29.50,4,1,3,9.5510979,1074.973,833.85602,3,16.333334,1,0,1,0,1,"0.Business related services administrators, agents"
0.29.50.15,3,0,3,272.92557,,6595.7422,,1,1,0,1,,,"0.Business related services administrators, agents..Managing directors, managers"
0.30,20,7,12,,1341.2416,626.56635,18.285715,9.083333,1,,,0,0,"0.Arts, cultural, sports and religious professionals"
0.30.15,4,1,3,248.08713,6450,5347.6641,1,1,1,0,1,0,0,"0.Arts, cultural, sports and religious professionals.Managing directors, managers"
0.30.29,4,2,2,53.681183,469.93842,4628.0229,10,12,0,0,1,1,1,"0.Arts, cultural, sports and religious professionals.Business related services administrators, agents"
0.30.29.15,4,2,2,40.026184,10951.59,5358.8711,1,1,0,0,1,0,0,"0.Arts, cultural, sports and religious professionals.Business related services administrators, agents.Managing directors, managers"
0.31,58,32,26,,2288.165,3654.1279,11.9375,12.461538,0,,,1,1,0.Other administrators
0.31.15,8,3,5,181.82527,13261.47,12507.393,1,1,1,0,1,0,0,"0.Other administrators.Managing directors, managers"
0.31.34,10,5,5,-748.40594,606.43872,2511.0073,21.799999,14.8,0,0,0,1,0,0.Other administrators.Commercial and catering occupations
0.31.34.15,6,3,3,133.84381,6051.7202,9832.5,1,1,0,0,1,1,0,"0.Other administrators.Commercial and catering occupations.Managing directors, managers"
0.31.48,9,4,5,-2364.0991,471.49893,1849.2562,12.75,4,0,0,0,1,0,0.Other administrators.Occupations not requiring qualifications
0.31.48.15,6,3,3,787.55798,6653.4907,9599.2832,1,1,0,1,1,1,0,"0.Other administrators.Occupations not requiring qualifications.Managing directors, managers"
0.32,181,115,64,,1720.2089,1970.1687,9.6869564,10.546875,2,,,1,1,0.Office clerks
0.32.15,32,15,17,621.39703,6281.2275,8135.8481,1,1,0,1,1,1,0,"0.Office clerks.Managing directors, managers"
0.32.29,25,19,6,1374.8883,1969.3173,2347.8826,17.210526,8.5,2,1,1,1,0,"0.Office clerks.Business related services administrators, agents"
0.32.29.15,9,7,2,1085.8411,19297.002,10346.3,1,1,2,1,1,0,0,"0.Office clerks.Business related services administrators, agents.Managing directors, managers"
0.32.34,35,31,4,735.25183,1792.9042,1004.2286,18.032259,9,2,1,1,0,0,0.Office clerks.Commercial and catering occupations
0.32.34.15,18,18,0,820.32422,13126.104,,1,,2,1,1,,,"0.Office clerks.Commercial and catering occupations.Managing directors, managers"
0.32.48,16,10,5,71.351959,1357.6997,1792.5979,6.1999998,11.2,2,0,1,1,1,0.Office clerks.Occupations not requiring qualifications
0.32.48.15,5,2,2,179.89609,4989.0757,8662.5898,1,1,0,0,1,1,0,"0.Office clerks.Occupations not requiring qualifications.Managing directors, managers"
0.33,163,126,36,,1889.4805,3367.9985,15.198413,14.166667,2,,,1,0,0.Customer services occupations
0.33.15,23,19,3,-2114.1807,9352.1152,9801.9326,1,1,2,0,0,1,0,"0.Customer services occupations.Managing directors, managers"
0.33.23,3,2,1,3146.1731,172.27798,537.09589,69.5,18,2,1,1,1,0,0.Customer services occupations.Other highly qualified executives
0.33.23.14,3,2,1,233.91608,13700.925,20744.625,1,1,2,0,1,1,0,"0.Customer services occupations.Other highly qualified executives.Chief executives, senior officials and legislators"
0.33.24,6,4,2,2738.1458,1005.7901,2627.8296,13.25,7.5,2,1,1,1,0,0.Customer services occupations.Technicians and technical professionals
0.33.24.15,3,1,2,388.33673,12790.79,11071.959,1,1,1,0,1,0,0,"0.Customer services occupations.Technicians and technical professionals.Managing directors, managers"
0.33.29,12,11,1,739.86371,959.93933,568.17651,17.181818,10,2,1,1,0,0,"0.Customer services occupations.Business related services administrators, agents"
0.33.29.15,6,6,0,413.01407,11546.63,,1,,2,0,1,,,"0.Customer services occupations.Business related services administrators, agents.Managing directors, managers"
0.33.34,71,56,15,322.08649,1795.2517,1370.0375,13.178572,12.933333,2,0,1,0,0,0.Customer services occupations.Commercial and catering occupations
0.33.34.15,40,36,4,475.55078,8847.5605,10099.657,1,1,2,1,1,1,0,"0.Customer services occupations.Commercial and catering occupations.Managing directors, managers"
0.33.34.33,11,6,5,227.18985,1543.9363,1588.5204,11.833333,7.4000001,0,0,1,1,0,0.Customer services occupations.Commercial and catering occupations.Customer services occupations
0.33.34.33.34,4,2,2,1664.9479,483.35852,439.26642,21.5,37.5,0,1,1,0,1,0.Customer services occupations.Commercial and catering occupations.Customer services occupations.Commercial and catering occupations
0.33.34.33.34.15,3,2,1,105.7175,8537.5879,28187.322,1,1,2,0,1,1,0,"0.Customer services occupations.Commercial and catering occupations.Customer services occupations.Commercial and catering occupations.Managing directors, managers"
0.33.34.48,6,6,0,-2005.5391,689.35175,,20.666666,,2,0,0,,,0.Customer services occupations.Commercial and catering occupations.Occupations not requiring qualifications
0.33.34.48.34,3,3,0,370.14551,1549.1826,,9,,2,0,1,,,0.Customer services occupations.Commercial and catering occupations.Occupations not requiring qualifications.Commercial and catering occupations
0.33.34.48.34.15,3,3,0,3996.0269,14633.002,,1,,2,1,1,,,"0.Customer services occupations.Commercial and catering occupations.Occupations not requiring qualifications.Commercial and catering occupations.Managing directors, managers"
0.33.48,15,8,7,70.007217,1179.1986,2759.6548,8.5,9.1428576,0,0,1,1,1,0.Customer services occupations.Occupations not requiring qualifications
0.33.48.15,6,2,4,-287.77191,9437.8896,7858.959,1,1,1,0,0,0,0,"0.Customer services occupations.Occupations not requiring qualifications.Managing directors, managers"
0.33.48.34,4,2,2,363.85327,213.46822,616.1413,59.5,17.5,0,0,1,1,0,0.Customer services occupations.Occupations not requiring qualifications.Commercial and catering occupations
0.33.48.34.15,4,2,2,163.24843,11399.201,11375.459,1,1,0,0,1,0,0,"0.Customer services occupations.Occupations not requiring qualifications.Commercial and catering occupations.Managing directors, managers"
0.34,1559,829,716,,1187.9574,952.97974,22.270205,24.47905,0,,,0,1,0.Commercial and catering occupations
0.34.14,10,6,4,106.52123,6262.3115,7919.0469,1,1,0,0,1,1,0,"0.Commercial and catering occupations.Chief executives, senior officials and legislators"
0.34.17,8,2,6,2436.968,1239.0975,2028.724,9.5,16.833334,1,1,1,1,1,"0.Commercial and catering occupations.Technical, information technology, science related professionals"
0.34.17.15,7,1,6,1399.1298,6000,14151.967,1,1,1,1,1,1,0,"0.Commercial and catering occupations.Technical, information technology, science related professionals.Managing directors, managers"
0.34.21,11,6,5,2844.5984,2124.2222,947.33612,22.333334,21.799999,0,1,1,0,0,"0.Commercial and catering occupations.Business type, legal and social sciences professionals"
0.34.21.15,7,4,3,316.39059,15368.634,14003.196,1,1,0,0,1,0,0,"0.Commercial and catering occupations.Business type, legal and social sciences professionals.Managing directors, managers"
0.34.23,11,9,2,4374.7588,1973.3672,475.84015,13.777778,41.5,2,1,1,0,1,0.Commercial and catering occupations.Other highly qualified executives
0.34.23.15,4,3,1,1808.0677,10648.726,19953.949,1,1,2,1,1,1,0,"0.Commercial and catering occupations.Other highly qualified executives.Managing directors, managers"
0.34.24,11,5,6,1340.7429,660.45313,1190.5601,14.4,25.166666,0,1,1,1,1,0.Commercial and catering occupations.Technicians and technical professionals
0.34.24.34,3,2,1,1699.5719,355.86459,2661.835,29,5,2,1,1,1,0,0.Commercial and catering occupations.Technicians and technical professionals.Commercial and catering occupations
0.34.24.34.15,3,2,1,3.2950895,6296.6807,12829.354,1,1,2,0,1,1,0,"0.Commercial and catering occupations.Technicians and technical professionals.Commercial and catering occupations.Managing directors, managers"
0.34.26,6,5,1,1178.7974,2722.4829,1495.1194,7.8000002,3,2,1,1,0,0,0.Commercial and catering occupations.Health professionals
0.34.26.15,3,3,0,-747.61005,5190.2314,,1,,2,0,0,,,"0.Commercial and catering occupations.Health professionals.Managing directors, managers"
0.34.28,9,7,2,389.18668,922.91693,5744.6123,14.857142,1,2,0,1,1,0,"0.Commercial and catering occupations.Social health care, labour market services professionals"
0.34.28.15,5,3,2,191.40704,6050.1587,6120.4834,1,1,0,0,1,1,0,"0.Commercial and catering occupations.Social health care, labour market services professionals.Managing directors, managers"
0.34.29,87,55,32,918.57574,1749.2408,1370.4904,17.6,17.46875,2,1,1,0,0,"0.Commercial and catering occupations.Business related services administrators, agents"
0.34.29.14,3,3,0,-195.65504,3716.438,,1,,2,0,0,,,"0.Commercial and catering occupations.Business related services administrators, agents.Chief executives, senior officials and legislators"
0.34.29.33,5,5,0,53.957569,231.76999,,31.4,,2,0,1,,,"0.Commercial and catering occupations.Business related services administrators, agents.Customer services occupations"
0.34.29.33.15,5,5,0,51.624504,8006.7764,,1,,2,0,1,,,"0.Commercial and catering occupations.Business related services administrators, agents.Customer services occupations.Managing directors, managers"
0.34.29.34,18,11,7,208.52272,2613.7185,1107.2852,14.272727,18.571428,2,0,1,0,1,"0.Commercial and catering occupations.Business related services administrators, agents.Commercial and catering occupations"
0.34.29.34.15,9,5,4,252.16907,10111.605,9913.0439,1,1,0,0,1,0,0,"0.Commercial and catering occupations.Business related services administrators, agents.Commercial and catering occupations.Managing directors, managers"
0.34.31,32,19,13,1293.4709,1518.8831,4753.8687,14.052631,5.6923075,0,1,1,1,0,0.Commercial and catering occupations.Other administrators
0.34.31.15,5,3,2,168.00571,25400.25,12303.967,1,1,0,0,1,0,0,"0.Commercial and catering occupations.Other administrators.Managing directors, managers"
0.34.31.34,8,5,3,104.16846,3028.521,533.24652,13.8,9.333333,2,0,1,0,0,0.Commercial and catering occupations.Other administrators.Commercial and catering occupations
0.34.31.34.15,3,2,1,-1291.1512,4143.3145,8049.9995,1,1,2,0,0,1,0,"0.Commercial and catering occupations.Other administrators.Commercial and catering occupations.Managing directors, managers"
0.34.32,62,45,16,304.66507,825.24286,2598.0747,17.088888,8.5625,2,0,1,1,0,0.Commercial and catering occupations.Office clerks
0.34.32.15,20,13,7,46.045719,8278.0742,7092.4077,1,1,2,0,1,0,0,"0.Commercial and catering occupations.Office clerks.Managing directors, managers"
0.34.32.29,5,4,1,1594.0221,3740.9739,932.28033,6.75,19,2,1,1,0,1,"0.Commercial and catering occupations.Office clerks.Business related services administrators, agents"
0.34.32.29.15,4,3,1,-1024.4425,8540.6924,6241.9355,1,1,2,0,0,0,0,"0.Commercial and catering occupations.Office clerks.Business related services administrators, agents.Managing directors, managers"
0.34.32.34,18,14,4,359.57245,1700.8909,344.06259,22.785715,39.5,2,0,1,0,1,0.Commercial and catering occupations.Office clerks.Commercial and catering occupations
0.34.32.34.15,13,11,2,245.53571,9925.3545,6971.8311,1,1,2,0,1,0,0,"0.Commercial and catering occupations.Office clerks.Commercial and catering occupations.Managing directors, managers"
0.34.33,117,89,27,301.90469,1501.8086,1891.0223,14.337079,9.3703699,2,0,1,1,0,0.Commercial and catering occupations.Customer services occupations
0.34.33.15,40,28,12,63.087181,10319.083,8585.4551,1,1,2,0,1,0,0,"0.Commercial and catering occupations.Customer services occupations.Managing directors, managers"
0.34.33.34,53,41,12,86.487305,870.95685,2287.7341,31.292683,10.75,2,0,1,1,0,0.Commercial and catering occupations.Customer services occupations.Commercial and catering occupations
0.34.33.34.15,31,25,6,414.00894,11448.508,9124.0732,1,1,2,0,1,0,0,"0.Commercial and catering occupations.Customer services occupations.Commercial and catering occupations.Managing directors, managers"
0.34.33.34.33,6,4,2,-526.95105,989.16626,1102.7638,13,8,2,0,0,1,0,0.Commercial and catering occupations.Customer services occupations.Commercial and catering occupations.Customer services occupations
0.34.33.34.33.15,3,2,1,42.697697,7201.2505,7502.564,1,1,2,0,1,1,0,"0.Commercial and catering occupations.Customer services occupations.Commercial and catering occupations.Customer services occupations.Managing directors, managers"
0.34.33.34.48,9,5,4,140.49269,1548.4277,2162.7837,9.6000004,5,0,0,1,1,0,0.Commercial and catering occupations.Customer services occupations.Commercial and catering occupations.Occupations not requiring qualifications
0.34.33.34.48.15,4,2,2,323.91599,6265.5186,4705.1997,1,1,0,0,1,0,0,"0.Commercial and catering occupations.Customer services occupations.Commercial and catering occupations.Occupations not requiring qualifications.Managing directors, managers"
0.34.33.34.48.34,4,2,2,-480.26288,219.1983,304.58087,31,25.5,0,0,0,1,0,0.Commercial and catering occupations.Customer services occupations.Commercial and catering occupations.Occupations not requiring qualifications.Commercial and catering occupations
0.34.33.34.48.34.15,4,2,2,42.826458,6859.0264,7014.2002,1,1,0,0,1,1,0,0.Commercial and catering occupations.Customer services occupations.Commercial and catering occupations.Occupations not requiring qualifications.Commercial and catering occupations
0.34.35,35,19,16,614.76648,1888.1757,1461.016,6.8421054,11,0,1,1,0,1,0.Commercial and catering occupations.Service workers
0.34.35.15,11,5,6,1520.853,13283.479,6891.8491,1,1,0,1,1,0,0,"0.Commercial and catering occupations.Service workers.Managing directors, managers"
0.34.35.34,9,5,4,849.33679,1759.8789,1298.8431,25.6,20.75,0,1,1,0,0,0.Commercial and catering occupations.Service workers.Commercial and catering occupations
0.34.35.34.15,7,5,2,301.24893,8451.8262,10069.951,1,1,2,0,1,1,0,"0.Commercial and catering occupations.Service workers.Commercial and catering occupations.Managing directors, managers"
0.34.38,10,3,7,384.82767,3453.8252,1315.3883,5,13.714286,1,0,1,0,1,0.Commercial and catering occupations.Food processing workers
0.34.38.15,4,1,3,192.15109,5899.9995,8953.4844,1,1,1,0,1,1,0,"0.Commercial and catering occupations.Food processing workers.Managing directors, managers"
0.34.44,17,5,12,507.43063,452.71768,1217.734,26,11.416667,1,1,1,1,0,0.Commercial and catering occupations.Manufacturing machine operators
0.34.44.15,3,2,1,122.78797,16112.912,7647.7754,1,1,2,0,1,0,0,"0.Commercial and catering occupations.Manufacturing machine operators.Managing directors, managers"
0.34.44.48,5,1,4,317.26447,770.91461,463.68579,6,24.75,1,0,1,0,1,0.Commercial and catering occupations.Manufacturing machine operators.Occupations not requiring qualifications
0.34.44.48.15,4,0,4,8.3453131,,7302.832,,1,1,0,1,,,"0.Commercial and catering occupations.Manufacturing machine operators.Occupations not requiring qualifications.Managing directors, managers"
0.34.45,30,16,14,635.85626,1515.6165,2100.6777,14.4375,21.428572,0,1,1,1,1,0.Commercial and catering occupations.Assemblers
0.34.45.15,6,2,4,99.401375,15177.051,13886.311,1,1,1,0,1,0,0,"0.Commercial and catering occupations.Assemblers.Managing directors, managers"
0.34.45.34,10,7,3,472.69205,537.76685,1938.0854,16.571428,2.6666667,2,1,1,1,0,0.Commercial and catering occupations.Assemblers.Commercial and catering occupations
0.34.45.34.15,3,3,0,32.206509,6560.5532,,1,,2,0,1,,,"0.Commercial and catering occupations.Assemblers.Commercial and catering occupations.Managing directors, managers"
0.34.47,10,2,8,1837.0941,3084.2659,4293.791,10.5,9.875,1,1,1,1,0,0.Commercial and catering occupations.Drivers and mobile machinery operators
0.34.47.15,4,2,2,104.65228,10506.421,15777.225,1,1,0,0,1,1,0,"0.Commercial and catering occupations.Drivers and mobile machinery operators.Managing directors, managers"
0.34.48,258,122,134,42.249519,1555.8193,1464.7523,11.122951,13.843284,0,0,1,0,1,0.Commercial and catering occupations.Occupations not requiring qualifications
0.34.48.15,93,39,53,455.81332,8996.377,8425.002,1,1,0,0,1,0,0,"0.Commercial and catering occupations.Occupations not requiring qualifications.Managing directors, managers"
0.34.48.29,10,6,4,304.56647,542.3338,366.685,39.166668,23.25,0,0,1,0,0,"0.Commercial and catering occupations.Occupations not requiring qualifications.Business related services administrators, agents"
0.34.48.29.15,7,5,2,101.14471,8399.376,9677.4131,1,1,2,0,1,1,0,"0.Commercial and catering occupations.Occupations not requiring qualifications.Business related services administrators, agents.Managing directors, managers"
0.34.48.32,6,4,2,1225.0352,1956.4708,906.69067,17,27,2,1,1,0,1,0.Commercial and catering occupations.Occupations not requiring qualifications.Office clerks
0.34.48.32.15,4,2,2,309.75372,22749.502,25483.064,1,1,0,0,1,1,0,"0.Commercial and catering occupations.Occupations not requiring qualifications.Office clerks.Managing directors, managers"
0.34.48.34,104,53,51,343.01959,909.74841,940.86841,20.490566,17.686274,0,0,1,1,0,0.Commercial and catering occupations.Occupations not requiring qualifications.Commercial and catering occupations
0.34.48.34.15,65,32,33,89.90287,8962.5352,7362.0586,1,1,0,0,1,0,0,"0.Commercial and catering occupations.Occupations not requiring qualifications.Commercial and catering occupations.Managing directors, managers"
0.34.48.34.32,4,3,1,284.57538,1826.942,97.465645,8.666667,61,2,0,1,0,1,0.Commercial and catering occupations.Occupations not requiring qualifications.Commercial and catering occupations.Office clerks
0.34.48.34.32.15,3,2,1,74.879257,7415.1748,8032.2583,1,1,2,0,1,1,0,"0.Commercial and catering occupations.Occupations not requiring qualifications.Commercial and catering occupations.Office clerks.Managing directors, managers"
0.34.48.34.48,22,12,10,330.92493,1605.8068,1586.7871,16.166666,7.4000001,0,0,1,0,0,0.Commercial and catering occupations.Occupations not requiring qualifications.Commercial and catering occupations.Occupations not requiring qualifications
0.34.48.34.48.15,10,9,1,-7.869421,7320.1616,9494.6895,1,1,2,0,0,1,0,"0.Commercial and catering occupations.Occupations not requiring qualifications.Commercial and catering occupations.Occupations not requiring qualifications.Managing directors, managers"
0.34.48.34.48.34,6,2,4,924.27167,294.17044,418.63843,25.5,29,1,1,1,1,1,0.Commercial and catering occupations.Occupations not requiring qualifications.Commercial and catering occupations.Occupations not requiring qualifications.Commercial and catering occupations
0.34.48.34.48.34.15,5,1,4,34.824924,9447.0967,8281.7793,1,1,1,0,1,0,0,0.Commercial and catering occupations.Occupations not requiring qualifications.Commercial and catering occupations.Occupations not requiring qualifications.Commercial and catering occupations
0.34.48.50,5,1,4,-547.93146,8769.6426,2024.2321,1,25,1,0,0,0,1,0.Commercial and catering occupations.Occupations not requiring qualifications
0.34.48.50.15,4,1,3,-27.086189,8184.9995,6498.02,1,1,1,0,0,0,0,"0.Commercial and catering occupations.Occupations not requiring qualifications..Managing directors, managers"
0.34.50,23,13,10,-940.77881,1102.1786,1155.703,6.8461537,10.3,0,0,0,1,1,0.Commercial and catering occupations
0.34.50.15,6,4,2,226.31097,5874.3984,5766.1211,1,1,2,0,1,0,0,"0.Commercial and catering occupations..Managing directors, managers"
0.34.50.34,10,6,4,861.71368,712.90417,511.51215,9.5,26,0,1,1,0,1,0.Commercial and catering occupations..Commercial and catering occupations
0.34.50.34.15,7,3,4,37.234776,4491.7739,14617.545,1,1,0,0,1,1,0,"0.Commercial and catering occupations..Commercial and catering occupations.Managing directors, managers"
0.35,149,62,86,,1829.2759,1767.6226,7.3870969,9.1860466,0,,,0,1,0.Service workers
0.35.15,28,7,20,1153.7168,7008.7246,8086.4214,1,1,1,1,1,1,0,"0.Service workers.Managing directors, managers"
0.35.29,11,6,5,935.83655,644.81482,1467.476,41.333332,8,0,1,1,1,0,"0.Service workers.Business related services administrators, agents"
0.35.29.15,5,2,3,197.56879,21774.145,9839.251,1,1,1,0,1,0,0,"0.Service workers.Business related services administrators, agents.Managing directors, managers"
0.35.33,9,5,4,2441.2554,1407.7162,1393.1086,21.799999,13.25,0,1,1,0,0,0.Service workers.Customer services occupations
0.35.33.15,4,2,2,245.94839,15237,7880.8574,1,1,0,0,1,0,0,"0.Service workers.Customer services occupations.Managing directors, managers"
0.35.34,27,16,11,732.11475,1109.9755,946.12372,14.3125,16.09091,0,1,1,0,1,0.Service workers.Commercial and catering occupations
0.35.34.15,10,6,4,98.389374,9729.9219,9019.6738,1,1,0,0,1,0,0,"0.Service workers.Commercial and catering occupations.Managing directors, managers"
0.35.48,16,6,10,440.05212,1970.8176,2155.6875,10.333333,9.8999996,1,0,1,1,0,0.Service workers.Occupations not requiring qualifications
0.35.48.15,6,2,4,346.73648,7590.8408,6123.5576,1,1,1,0,1,0,0,"0.Service workers.Occupations not requiring qualifications.Managing directors, managers"
0.36,70,21,48,,2197.4355,1852.1193,3.2380953,8.145833,1,,,0,1,0.Agricultural occupations
0.36.15,15,2,12,1015.1514,3936.145,7289.8652,1,1,1,1,1,1,0,"0.Agricultural occupations.Managing directors, managers"
0.36.34,10,4,6,1228.6105,253.69974,1361.1199,19.75,15.5,1,1,1,1,0,0.Agricultural occupations.Commercial and catering occupations
0.36.34.15,3,0,3,801.91656,,9032.4287,,1,1,1,1,,,"0.Agricultural occupations.Commercial and catering occupations.Managing directors, managers"
0.36.48,13,3,10,878.62402,3236.3245,1502.8628,4.3333335,18.799999,1,1,1,0,1,0.Agricultural occupations.Occupations not requiring qualifications
0.36.48.15,3,1,2,98.453789,7899.9995,16974.824,1,1,1,0,1,1,0,"0.Agricultural occupations.Occupations not requiring qualifications.Managing directors, managers"
0.37,12,2,9,,2327.3501,1594.6721,1,11.666667,1,,,0,1,"0.Forestry, game-farming and fisheries "
0.37.15,4,0,4,67.339417,,5508.2148,,1,1,0,1,,,"0.Forestry, game-farming and fisheries .Managing directors, managers"
0.38,110,31,76,,1975.8127,1557.1505,9.8387098,21.302631,1,,,0,1,0.Food processing workers
0.38.15,23,5,18,258.02911,6115.1694,9034.9248,1,1,1,0,1,1,0,"0.Food processing workers.Managing directors, managers"
0.38.34,19,7,12,1072.7008,524.75287,1607.5173,31.142857,16.583334,1,1,1,1,0,0.Food processing workers.Commercial and catering occupations
0.38.34.15,10,5,5,660.6593,9949.8076,8373.0723,1,1,0,1,1,0,0,"0.Food processing workers.Commercial and catering occupations.Managing directors, managers"
0.38.34.38,4,1,3,-248.96634,459.37781,2315.3127,9,6,1,0,0,1,0,0.Food processing workers.Commercial and catering occupations.Food processing workers
0.38.34.38.15,3,0,3,733.08521,,7922.1401,,1,1,1,1,,,"0.Food processing workers.Commercial and catering occupations.Food processing workers.Managing directors, managers"
0.38.44,13,2,10,1914.3845,752.73901,789.68085,7,29.4,1,1,1,1,1,0.Food processing workers.Manufacturing machine operators
0.38.44.15,5,1,4,33.96904,5382.6772,11677.905,1,1,1,0,1,1,0,"0.Food processing workers.Manufacturing machine operators.Managing directors, managers"
0.38.48,22,7,14,252.85764,1421.4849,1271.4869,16,9.7857141,1,0,1,0,0,0.Food processing workers.Occupations not requiring qualifications
0.38.48.15,8,3,4,130.6485,9352.6484,5931.2017,1,1,0,0,1,0,0,"0.Food processing workers.Occupations not requiring qualifications.Managing directors, managers"
0.39,62,18,43,,1754.8804,1143.4132,10.055555,14.83721,1,,,0,1,0.Light industry occupations
0.39.15,10,2,8,1551.4154,5335.8813,8907.5938,1,1,1,1,1,1,0,"0.Light industry occupations.Managing directors, managers"
0.39.34,10,4,6,490.14215,1281.0004,925.28284,19.75,46.333332,1,1,1,0,1,0.Light industry occupations.Commercial and catering occupations
0.39.34.15,7,3,4,89.492882,11865.454,6753.0571,1,1,0,0,1,0,0,"0.Light industry occupations.Commercial and catering occupations.Managing directors, managers"
0.39.44,8,1,7,692.62347,3466.3062,687.62366,1,26,1,1,1,0,1,0.Light industry occupations.Manufacturing machine operators
0.39.44.15,5,1,4,1683.7014,7790.3223,10069.167,1,1,1,1,1,1,0,"0.Light industry occupations.Manufacturing machine operators.Managing directors, managers"
0.39.48,11,4,7,724.44293,994.5542,665.62665,12.75,19.857143,1,1,1,0,1,0.Light industry occupations.Occupations not requiring qualifications
0.39.48.15,3,1,2,261.79712,10208.226,9095.6338,1,1,1,0,1,0,0,"0.Light industry occupations.Occupations not requiring qualifications.Managing directors, managers"
0.40,161,24,131,,2618.4644,1412.6431,4.625,15.328244,1,,,0,1,0.Metal and electrical industry occupations
0.40.15,28,1,23,331.39801,3257.4546,11665.802,1,1,1,0,1,1,0,"0.Metal and electrical industry occupations.Managing directors, managers"
0.40.17,6,0,5,3853.4434,,1660.7535,,25.799999,1,1,1,,,"0.Metal and electrical industry occupations.Technical, information technology, science related professionals"
0.40.17.15,3,0,3,222.49266,,18222.512,,1,1,0,1,,,"0.Metal and electrical industry occupations.Technical, information technology, science related professionals.Managing directors, managers"
0.40.24,12,1,11,3232.1516,2033.6968,1884.1195,2,27.09091,1,1,1,0,1,0.Metal and electrical industry occupations.Technicians and technical professionals
0.40.24.15,4,0,4,132.7861,,19655.465,,1,1,0,1,,,"0.Metal and electrical industry occupations.Technicians and technical professionals.Managing directors, managers"
0.40.34,24,11,13,1328.493,355.13504,1113.7635,25.09091,24.153847,0,1,1,1,0,0.Metal and electrical industry occupations.Commercial and catering occupations
0.40.34.15,12,4,8,64.071213,12038.092,7555.7109,1,1,1,0,1,0,0,"0.Metal and electrical industry occupations.Commercial and catering occupations.Managing directors, managers"
0.40.44,17,1,16,511.65268,1518.8262,1224.6161,4,21.625,1,1,1,0,1,0.Metal and electrical industry occupations.Manufacturing machine operators
0.40.44.15,3,0,3,140.34573,,13982.508,,1,1,0,1,,,"0.Metal and electrical industry occupations.Manufacturing machine operators.Managing directors, managers"
0.40.48,26,2,24,62.067848,787.70776,1174.3748,9,16.708334,1,0,1,1,1,0.Metal and electrical industry occupations.Occupations not requiring qualifications
0.40.48.15,7,0,7,37.282864,,6859.1304,,1,1,0,1,,,"0.Metal and electrical industry occupations.Occupations not requiring qualifications.Managing directors, managers"
0.40.48.34,5,2,3,496.91479,297.81766,3396.2012,21.5,10.666667,1,1,1,1,0,0.Metal and electrical industry occupations.Occupations not requiring qualifications.Commercial and catering occupations
0.40.48.34.15,4,1,3,-681.96283,11676.6,6012.1289,1,1,1,0,0,0,0,"0.Metal and electrical industry occupations.Occupations not requiring qualifications.Commercial and catering occupations.Managing directors, managers"
0.42,101,0,100,,,2220.5615,,15.52,1,,,,,0.Building industry occupations
0.42.15,23,0,23,654.0484,,8555.5537,,1,1,1,1,,,"0.Building industry occupations.Managing directors, managers"
0.42.24,8,0,8,1204.683,,485.89581,,23.75,1,1,1,,,0.Building industry occupations.Technicians and technical professionals
0.42.24.15,5,0,5,114.61533,,8034.2515,,1,1,0,1,,,"0.Building industry occupations.Technicians and technical professionals.Managing directors, managers"
0.42.34,8,0,8,69.117554,,827.35669,,15.75,1,0,1,,,0.Building industry occupations.Commercial and catering occupations
0.42.34.15,4,0,4,-52.965462,,5232.1382,,1,1,0,0,,,"0.Building industry occupations.Commercial and catering occupations.Managing directors, managers"
0.42.48,27,0,26,-955.8302,,1938.3044,,8.4615383,1,0,0,,,0.Building industry occupations.Occupations not requiring qualifications
0.42.48.15,7,0,7,-1185.719,,6104.8286,,1,1,0,0,,,"0.Building industry occupations.Occupations not requiring qualifications.Managing directors, managers"
0.44,173,50,121,,1900.6765,1788.374,10.48,14.818182,1,,,0,1,0.Manufacturing machine operators
0.44.15,36,4,30,1075.9463,5273.3867,11699.539,1,1,1,1,1,1,0,"0.Manufacturing machine operators.Managing directors, managers"
0.44.24,7,0,7,1935.9441,,1946.6776,,15.714286,1,1,1,,,0.Manufacturing machine operators.Technicians and technical professionals
0.44.24.15,3,0,3,-395.11288,,8715.1719,,1,1,0,0,,,"0.Manufacturing machine operators.Technicians and technical professionals.Managing directors, managers"
0.44.34,19,7,12,200.5015,1078.5089,677.95166,30.857143,20.916666,1,0,1,0,0,0.Manufacturing machine operators.Commercial and catering occupations
0.44.34.15,9,3,6,65.593414,5710.3433,7647.1553,1,1,1,0,1,1,0,"0.Manufacturing machine operators.Commercial and catering occupations.Managing directors, managers"
0.44.35,6,2,3,98.241447,509.16119,1942.9766,8.5,4,1,0,1,1,0,0.Manufacturing machine operators.Service workers
0.44.35.15,3,1,1,111.79485,4457.3999,7380.5229,1,1,0,0,1,1,0,"0.Manufacturing machine operators.Service workers.Managing directors, managers"
0.44.45,18,8,10,276.25275,820.07831,1350.9907,22.875,12.6,0,0,1,1,0,0.Manufacturing machine operators.Assemblers
0.44.45.44,6,3,3,133.54253,575.3501,306.30533,17,46,0,0,1,0,1,0.Manufacturing machine operators.Assemblers.Manufacturing machine operators
0.44.45.44.15,3,2,1,43.567982,10341.846,11862.653,1,1,2,0,1,1,0,"0.Manufacturing machine operators.Assemblers.Manufacturing machine operators.Managing directors, managers"
0.44.48,38,12,26,200.70911,1633.6654,1262.9391,7.4166665,12.307693,1,0,1,0,1,0.Manufacturing machine operators.Occupations not requiring qualifications
0.44.48.15,16,6,10,200.78647,6933.2373,7544.832,1,1,1,0,1,1,0,"0.Manufacturing machine operators.Occupations not requiring qualifications.Managing directors, managers"
0.45,138,56,80,,1406.431,1532.5277,12.464286,16.075001,0,,,1,1,0.Assemblers
0.45.15,24,9,15,268.75717,9744.4072,9586.249,1,1,1,0,1,0,0,"0.Assemblers.Managing directors, managers"
0.45.34,23,12,11,550.43475,621.69702,2320.9314,33.25,18.90909,0,1,1,1,0,0.Assemblers.Commercial and catering occupations
0.45.34.15,12,6,6,448.59665,7111.6348,9479.5674,1,1,0,0,1,1,0,"0.Assemblers.Commercial and catering occupations.Managing directors, managers"
0.45.34.48,5,3,2,-1325.2329,1235.3973,1061.0059,17.666666,7.5,0,0,0,0,0,0.Assemblers.Commercial and catering occupations.Occupations not requiring qualifications
0.45.34.48.34,4,3,1,368.51907,2395.8479,299.97107,10.666667,28,2,0,1,0,1,0.Assemblers.Commercial and catering occupations.Occupations not requiring qualifications.Commercial and catering occupations
0.45.34.48.34.15,3,3,0,676.7951,13216.373,,1,,2,1,1,,,"0.Assemblers.Commercial and catering occupations.Occupations not requiring qualifications.Commercial and catering occupations.Managing directors, managers"
0.45.48,42,13,29,168.70125,3122.9951,1719.0842,7.6153846,13.75862,1,0,1,0,1,0.Assemblers.Occupations not requiring qualifications
0.45.48.15,13,2,11,296.35995,6711.21,8345.4561,1,1,1,0,1,1,0,"0.Assemblers.Occupations not requiring qualifications.Managing directors, managers"
0.45.48.29,4,3,1,-575.64642,497.59015,825.41931,17,8,2,0,0,1,0,"0.Assemblers.Occupations not requiring qualifications.Business related services administrators, agents"
0.45.48.29.15,4,3,1,150.09311,10311.4,4399.9995,1,1,2,0,1,0,0,"0.Assemblers.Occupations not requiring qualifications.Business related services administrators, agents.Managing directors, managers"
0.46,29,12,17,,1788.3566,1947.9868,6.0833335,16.058823,0,,,1,1,0.Stationary machine operators
0.46.15,6,3,3,695.87689,7147.8447,12473.354,1,1,0,1,1,1,0,"0.Stationary machine operators.Managing directors, managers"
0.46.34,5,4,1,4293.6396,4877.1851,306.35815,8,13,2,1,1,0,1,0.Stationary machine operators.Commercial and catering occupations
0.46.34.15,4,3,1,-35.434807,6539.7578,4455.5317,1,1,2,0,0,0,0,"0.Stationary machine operators.Commercial and catering occupations.Managing directors, managers"
0.47,35,1,32,,5940.8457,1748.6517,1,15.09375,1,,,0,1,0.Drivers and mobile machinery operators
0.47.15,10,0,10,112.62169,,10002.864,,1,1,0,1,,,"0.Drivers and mobile machinery operators.Managing directors, managers"
0.47.48,7,0,6,398.74802,,1236.5236,,10.166667,1,0,1,,,0.Drivers and mobile machinery operators.Occupations not requiring qualifications
0.47.48.15,4,0,3,-121.95853,,5184.123,,1,1,0,0,,,"0.Drivers and mobile machinery operators.Occupations not requiring qualifications.Managing directors, managers"
0.48,1113,349,751,,2090.4668,1798.6208,6.0458455,9.3741674,1,,,0,1,0.Occupations not requiring qualifications
0.48.14,30,9,21,865.82544,6652.1255,5518.7212,1,1,1,1,1,0,0,"0.Occupations not requiring qualifications.Chief executives, senior officials and legislators"
0.48.17,15,0,13,3660.22,,1862.7767,,20.23077,1,1,1,,,"0.Occupations not requiring qualifications.Technical, information technology, science related professionals"
0.48.17.15,6,0,5,100.49227,,18913.301,,1,1,0,1,,,"0.Occupations not requiring qualifications.Technical, information technology, science related professionals.Managing directors, managers"
0.48.24,40,4,36,1729.4857,1958.8851,1634.9926,22.5,15.972222,1,1,1,0,0,0.Occupations not requiring qualifications.Technicians and technical professionals
0.48.24.15,20,1,19,511.00793,7741.9355,10590.07,1,1,1,1,1,1,0,"0.Occupations not requiring qualifications.Technicians and technical professionals.Managing directors, managers"
0.48.24.17,5,0,5,1196.7596,,1150.2079,,20.4,1,1,1,,,"0.Occupations not requiring qualifications.Technicians and technical professionals.Technical, information technology, science related professionals"
0.48.24.17.15,4,0,4,207.20798,,16500.42,,1,1,0,1,,,"0.Occupations not requiring qualifications.Technicians and technical professionals.Technical, information technology, science related professionals.Managing directors, managers"
0.48.24.48,6,0,6,583.30084,,2768.3586,,2.8333333,1,1,1,,,0.Occupations not requiring qualifications.Technicians and technical professionals.Occupations not requiring qualifications
0.48.24.48.15,4,0,4,1134.8907,,9715.2822,,1,1,1,1,,,"0.Occupations not requiring qualifications.Technicians and technical professionals.Occupations not requiring qualifications.Managing directors, managers"
0.48.29,59,19,40,1634.0729,1207.812,1460.4019,15.263158,22,1,1,1,1,1,"0.Occupations not requiring qualifications.Business related services administrators, agents"
0.48.29.15,27,10,17,595.80957,10574.132,10204.706,1,1,1,1,1,0,0,"0.Occupations not requiring qualifications.Business related services administrators, agents.Managing directors, managers"
0.48.29.32,7,3,4,211.83406,2072.9592,2697.2043,7,12,0,0,1,1,1,"0.Occupations not requiring qualifications.Business related services administrators, agents.Office clerks"
0.48.29.32.15,3,0,3,-1.8375912,,6005.3765,,1,1,0,0,,,"0.Occupations not requiring qualifications.Business related services administrators, agents.Office clerks.Managing directors, managers"
0.48.31,19,5,14,1078.0355,462.41385,1086.808,24.6,13,1,1,1,1,0,0.Occupations not requiring qualifications.Other administrators
0.48.31.15,3,1,2,290.22546,2243.4675,9766.1611,1,1,1,0,1,1,0,"0.Occupations not requiring qualifications.Other administrators.Managing directors, managers"
0.48.32,36,12,23,1578.7028,3116.4417,1816.7161,9.333333,12.782609,1,1,1,0,1,0.Occupations not requiring qualifications.Office clerks
0.48.32.15,10,3,6,290.7197,9021.3818,11734.379,1,1,1,0,1,1,0,"0.Occupations not requiring qualifications.Office clerks.Managing directors, managers"
0.48.32.34,4,3,1,817.98187,394.48343,3577.7205,24,1,2,1,1,1,0,0.Occupations not requiring qualifications.Office clerks.Commercial and catering occupations
0.48.32.34.15,3,3,0,-17.967184,6456.1997,,1,,2,0,0,,,"0.Occupations not requiring qualifications.Office clerks.Commercial and catering occupations.Managing directors, managers"
0.48.33,42,27,15,1264.8986,1649.7135,1254.8704,19.333334,10.666667,2,1,1,0,0,0.Occupations not requiring qualifications.Customer services occupations
0.48.33.15,14,10,4,318.51724,11249.177,13823.277,1,1,2,0,1,1,0,"0.Occupations not requiring qualifications.Customer services occupations.Managing directors, managers"
0.48.33.34,12,9,3,43.241016,1574.2733,1000.949,22.555555,39.333332,2,0,1,0,1,0.Occupations not requiring qualifications.Customer services occupations.Commercial and catering occupations
0.48.33.34.15,8,5,3,344.59067,11312.601,8953.8115,1,1,2,0,1,0,0,"0.Occupations not requiring qualifications.Customer services occupations.Commercial and catering occupations.Managing directors, managers"
0.48.34,279,136,143,842.95892,1384.7275,1295.4619,19.007353,18.097902,0,1,1,0,0,0.Occupations not requiring qualifications.Commercial and catering occupations
0.48.34.15,141,60,81,277.56216,9216.1611,8652.7207,1,1,0,0,1,0,0,"0.Occupations not requiring qualifications.Commercial and catering occupations.Managing directors, managers"
0.48.34.29,15,9,6,352.03867,626.13214,438.73462,13,24,0,0,1,0,1,"0.Occupations not requiring qualifications.Commercial and catering occupations.Business related services administrators, agents"
0.48.34.29.15,4,3,1,171.25728,9603.0352,6814.6499,1,1,2,0,1,0,0,"0.Occupations not requiring qualifications.Commercial and catering occupations.Business related services administrators, agents.Managing directors, managers"
0.48.34.31,5,5,0,1233.25,1783.8025,,11.6,,2,1,1,,,0.Occupations not requiring qualifications.Commercial and catering occupations.Other administrators
0.48.34.31.15,4,4,0,440.42761,12503.08,,1,,2,0,1,,,"0.Occupations not requiring qualifications.Commercial and catering occupations.Other administrators.Managing directors, managers"
0.48.34.33,14,9,5,287.67303,520.82367,3795.0383,15.111111,4.1999998,2,0,1,1,0,0.Occupations not requiring qualifications.Commercial and catering occupations.Customer services occupations
0.48.34.33.15,4,2,2,1454.2158,7042.1748,32818.738,1,1,0,1,1,1,0,"0.Occupations not requiring qualifications.Commercial and catering occupations.Customer services occupations.Managing directors, managers"
0.48.34.33.34,7,5,2,-1004.3554,354.97211,1723.9275,23.799999,4,2,0,0,1,0,0.Occupations not requiring qualifications.Commercial and catering occupations.Customer services occupations.Commercial and catering occupations
0.48.34.33.34.15,6,5,1,162.12364,9849.3945,5400,1,1,2,0,1,0,0,"0.Occupations not requiring qualifications.Commercial and catering occupations.Customer services occupations.Commercial and catering occupations.Managing directors, managers"
0.48.34.35,4,3,1,-311.6991,561.1748,7002.1846,10.333333,1,2,0,0,1,0,0.Occupations not requiring qualifications.Commercial and catering occupations.Service workers
0.48.34.35.34,4,3,1,500.74997,1216.4552,763.92242,34.333332,10,2,1,1,0,0,0.Occupations not requiring qualifications.Commercial and catering occupations.Service workers.Commercial and catering occupations
0.48.34.35.34.15,3,2,1,35.532841,9663.4727,13846.154,1,1,2,0,1,1,0,"0.Occupations not requiring qualifications.Commercial and catering occupations.Service workers.Commercial and catering occupations.Managing directors, managers"
0.48.34.48,56,30,26,83.373291,1455.2268,2819.2659,9.7666664,10.576923,0,0,1,1,1,0.Occupations not requiring qualifications.Commercial and catering occupations.Occupations not requiring qualifications
0.48.34.48.15,17,10,7,473.73111,9040.9297,6956.1011,1,1,0,1,1,0,0,"0.Occupations not requiring qualifications.Commercial and catering occupations.Occupations not requiring qualifications.Managing directors, managers"
0.48.34.48.34,28,15,13,-875.58545,770.15405,1379.0731,13.933333,18.76923,0,0,0,1,1,0.Occupations not requiring qualifications.Commercial and catering occupations.Occupations not requiring qualifications.Commercial and catering occupations
0.48.34.48.34.15,17,9,8,127.45807,9056.2881,8534.4346,1,1,0,0,1,0,0,"0.Occupations not requiring qualifications.Commercial and catering occupations.Occupations not requiring qualifications.Commercial and catering occupations.Managing directors, managers"
0.48.34.48.34.48,8,3,5,-48.663067,2869.469,1784.4961,3,6.1999998,1,0,0,0,1,0.Occupations not requiring qualifications.Commercial and catering occupations.Occupations not requiring qualifications.Commercial and catering occupations.Occupations not requiring qualifications
0.48.34.48.34.48.34,6,3,3,183.96846,1913.7183,863.90747,16.333334,15.333333,0,0,1,0,0,0.Occupations not requiring qualifications.Commercial and catering occupations.Occupations not requiring qualifications.Commercial and catering occupations.Occupations not requiring qualifications
0.48.34.48.34.48.34.15,4,2,2,183.38609,10049.978,10794.428,1,1,0,0,1,1,0,0.Occupations not requiring qualifications.Commercial and catering occupations.Occupations not requiring qualifications.Commercial and catering occupations.Occupations not requiring qualifications
0.48.35,33,7,25,818.60498,1631.9055,1175.0083,4.2857141,14.64,1,1,1,0,1,0.Occupations not requiring qualifications.Service workers
0.48.35.15,11,2,9,383.08566,7909.4839,6849.4712,1,1,1,0,1,0,0,"0.Occupations not requiring qualifications.Service workers.Managing directors, managers"
0.48.35.48,5,1,4,-217.2691,485.02466,217.98958,9,27.5,1,0,0,0,1,0.Occupations not requiring qualifications.Service workers.Occupations not requiring qualifications
0.48.35.48.15,4,0,4,101.24094,,5287.3696,,1,1,0,1,,,"0.Occupations not requiring qualifications.Service workers.Occupations not requiring qualifications.Managing directors, managers"
0.48.36,14,1,12,350.02179,1696.1199,2648.6697,2,5.6666665,1,0,1,1,1,0.Occupations not requiring qualifications.Agricultural occupations
0.48.36.48,6,0,6,-702.10535,,528.38446,,10.333333,1,0,0,,,0.Occupations not requiring qualifications.Agricultural occupations.Occupations not requiring qualifications
0.48.36.48.15,5,0,5,69.403458,,5414.8535,,1,1,0,1,,,"0.Occupations not requiring qualifications.Agricultural occupations.Occupations not requiring qualifications.Managing directors, managers"
0.48.40,32,2,30,1608.6979,679.74945,1135.1036,17,19.566668,1,1,1,1,1,0.Occupations not requiring qualifications.Metal and electrical industry occupations
0.48.40.15,6,0,6,88.611847,,13402.501,,1,1,0,1,,,"0.Occupations not requiring qualifications.Metal and electrical industry occupations.Managing directors, managers"
0.48.40.24,4,0,4,139.55789,,6153.1021,,6.25,1,0,1,,,0.Occupations not requiring qualifications.Metal and electrical industry occupations.Technicians and technical professionals
0.48.40.24.15,3,0,3,908.94647,,15837.076,,1,1,1,1,,,"0.Occupations not requiring qualifications.Metal and electrical industry occupations.Technicians and technical professionals.Managing directors, managers"
0.48.40.44,4,0,4,120.91994,,624.41779,,28.75,1,0,1,,,0.Occupations not requiring qualifications.Metal and electrical industry occupations.Manufacturing machine operators
0.48.40.44.15,3,0,3,79.309853,,15329.7,,1,1,0,1,,,"0.Occupations not requiring qualifications.Metal and electrical industry occupations.Manufacturing machine operators.Managing directors, managers"
0.48.40.48,7,0,7,240.91606,,960.62933,,13.285714,1,0,1,,,0.Occupations not requiring qualifications.Metal and electrical industry occupations.Occupations not requiring qualifications
0.48.40.48.15,3,0,3,79.363869,,6731.1235,,1,1,0,1,,,"0.Occupations not requiring qualifications.Metal and electrical industry occupations.Occupations not requiring qualifications.Managing directors, managers"
0.48.42,24,0,24,650.98236,,1970.302,,14.958333,1,1,1,,,0.Occupations not requiring qualifications.Building industry occupations
0.48.42.15,6,0,6,38.896378,,9652.4131,,1,1,0,1,,,"0.Occupations not requiring qualifications.Building industry occupations.Managing directors, managers"
0.48.42.48,8,0,8,-72.014061,,2155.4146,,10.375,1,0,0,,,0.Occupations not requiring qualifications.Building industry occupations.Occupations not requiring qualifications
0.48.42.48.15,3,0,3,2731.7261,,10668.884,,1,1,1,1,,,"0.Occupations not requiring qualifications.Building industry occupations.Occupations not requiring qualifications.Managing directors, managers"
0.48.43,7,0,7,432.30582,,2226.115,,13.285714,1,0,1,,,0.Occupations not requiring qualifications.Other industry and construction industry occupations
0.48.43.48,3,0,3,344.81958,,403.47272,,26.333334,1,0,1,,,0.Occupations not requiring qualifications.Other industry and construction industry occupations.Occupations not requiring qualifications
0.48.43.48.15,3,0,3,78.988983,,5814.5161,,1,1,0,1,,,"0.Occupations not requiring qualifications.Other industry and construction industry occupations.Occupations not requiring qualifications.Managing directors, managers"
0.48.44,46,7,39,1108.2272,2650.9827,1678.3596,4.4285712,17.307692,1,1,1,0,1,0.Occupations not requiring qualifications.Manufacturing machine operators
0.48.44.15,14,2,12,54.094429,3476.7805,8960.2813,1,1,1,0,1,1,0,"0.Occupations not requiring qualifications.Manufacturing machine operators.Managing directors, managers"
0.48.45,41,11,30,761.42664,1831.5164,1417.933,15.545455,11.666667,1,1,1,0,0,0.Occupations not requiring qualifications.Assemblers
0.48.45.15,11,2,9,2651.5813,16564.621,11096.073,1,1,1,1,1,0,0,"0.Occupations not requiring qualifications.Assemblers.Managing directors, managers"
0.48.45.34,8,5,3,151.99397,436.97812,1454.2686,18.4,6.6666665,2,0,1,1,0,0.Occupations not requiring qualifications.Assemblers.Commercial and catering occupations
0.48.45.34.15,3,2,1,51.383163,8554.2441,3774.1936,1,1,2,0,1,0,0,"0.Occupations not requiring qualifications.Assemblers.Commercial and catering occupations.Managing directors, managers"
0.48.45.44,6,1,5,223.7012,3503.2742,557.53717,1,21.799999,1,0,1,0,1,0.Occupations not requiring qualifications.Assemblers.Manufacturing machine operators
0.48.45.44.15,3,0,3,101.52702,,14106.641,,1,1,0,1,,,"0.Occupations not requiring qualifications.Assemblers.Manufacturing machine operators.Managing directors, managers"
0.48.46,11,2,9,940.47546,195.74777,643.13843,19.5,24.444445,1,1,1,1,1,0.Occupations not requiring qualifications.Stationary machine operators
0.48.46.15,3,0,3,75.354172,,11561.237,,1,1,0,1,,,"0.Occupations not requiring qualifications.Stationary machine operators.Managing directors, managers"
0.48.47,24,1,23,104.44948,3385.9836,1246.5073,1,17.304348,1,0,1,0,1,0.Occupations not requiring qualifications.Drivers and mobile machinery operators
0.48.47.15,6,0,6,225.94719,,10300.474,,1,1,0,1,,,"0.Occupations not requiring qualifications.Drivers and mobile machinery operators.Managing directors, managers"
0.48.47.34,4,0,4,110.10114,,2161.6045,,27,1,0,1,,,0.Occupations not requiring qualifications.Drivers and mobile machinery operators.Commercial and catering occupations
0.48.47.34.15,3,0,3,1346.9109,,11514.889,,1,1,1,1,,,"0.Occupations not requiring qualifications.Drivers and mobile machinery operators.Commercial and catering occupations.Managing directors, managers"
0.48.50,20,2,17,-383.43027,2540.5913,878.26312,3,9.7647057,1,0,0,0,1,0.Occupations not requiring qualifications
0.48.50.15,7,2,4,392.84595,7790.3223,11522.135,1,1,1,0,1,1,0,"0.Occupations not requiring qualifications..Managing directors, managers"
0.48.50.34,4,0,4,2019.6591,,1845.5558,,10.25,1,1,1,,,0.Occupations not requiring qualifications..Commercial and catering occupations
0.48.50.34.15,3,0,3,82.339119,,11243.809,,1,1,0,1,,,"0.Occupations not requiring qualifications..Commercial and catering occupations.Managing directors, managers"
0.50,58,17,40,,918.29803,512.76007,11.470589,17.424999,1,,,0,1,0
0.50.15,18,5,13,205.04286,5431.2588,7681.4575,1,1,1,0,1,1,0,"0..Managing directors, managers"
