id,value,nok,ffiak,wage_dif,mean_wage_fem,mean_wage_male,noi_honap,ffi_honap,gender_dom,wage_sign,wagegap,wagegap_wlimit,wagegap2,tenure_dif,manag_av,id_labels,occ_0,occ_1,occ_2,occ_3,occ_4,occ_5,occ_6,occ_7,occ_8,occ_9,occ_10,occ_11,occ_12,occ_13,occ_14,occ_15,occ_16,occ_17,occ_18,occ_19,occ_20,occ_21,occ_22,occ_23,occ_24,occ_25,occ_26,occ_27,occ_28,occ_29,occ_30,occ_31,occ_32,occ_33,occ_34,occ_35,occ_36,occ_37,occ_38,occ_39,occ_40,occ_41,occ_42,occ_43,occ_44,occ_45,occ_46,occ_47,occ_48,occ_49,occ_50,hany_ism,occ_51
0,3836,,,,,,,,,,,,,,,0,1,1,1,1,1,1,1,1,1,1,1,1,1,1,1,1,1,1,1,1,1,1,1,1,1,1,1,1,1,1,1,1,1,1,1,1,1,1,1,1,1,1,1,1,1,1,1,1,1,1,1,0,1
0.14,41,19,22,,328.53903,421.13531,2.7368422,5.9545455,0,,1,1,1,1,0,"0.Chief executives, senior officials and legislators",1,0,0,0,0,0,0,0,0,0,0,0,0,0,1,0,0,0,0,0,0,0,0,0,0,0,0,0,0,0,0,0,0,0,0,0,0,0,0,0,0,0,0,0,0,0,0,0,0,0,0,0,1
0.15,302,143,159,,541.03058,632.05408,7.0839162,14.566038,0,,1,1,1,1,0,"0.Managing directors, managers",1,0,0,0,0,0,0,0,0,0,0,0,0,0,0,1,0,0,0,0,0,0,0,0,0,0,0,0,0,0,0,0,0,0,0,0,0,0,0,0,0,0,0,0,0,0,0,0,0,0,0,0,1
0.16,11,4,7,,553.51923,525.4502,14.75,17,1,,0,0,0,1,,0.Supervisors,1,0,0,0,0,0,0,0,0,0,0,0,0,0,0,1,1,0,0,0,0,0,0,0,0,0,0,0,0,0,0,0,0,0,0,0,0,0,0,0,0,0,0,0,0,0,0,0,0,0,0,0,1
0.16.15,8,4,4,395.75995,595.40759,1080.9644,21.5,20.5,0,1,1,1,1,0,0,"0.Supervisors.Managing directors, managers",1,0,0,0,0,0,0,0,0,0,0,0,0,0,0,1,1,0,0,0,0,0,0,0,0,0,0,0,0,0,0,0,0,0,0,0,0,0,0,0,0,0,0,0,0,0,0,0,0,0,0,0,1
0.17,19,3,16,,1163.8391,918.3913,37,21.9375,1,,0,0,0,0,,"0.Technical, information technology, science related professionals",1,0,0,0,0,0,0,0,0,0,0,0,0,0,0,1,0,1,0,0,0,0,0,0,0,0,0,0,0,0,0,0,0,0,0,0,0,0,0,0,0,0,0,0,0,0,0,0,0,0,0,0,1
0.17.15,7,1,6,-8.2739487,2210.9817,1944.2336,9,15.166667,1,0,0,,0,1,1,"0.Technical, information technology, science related professionals.Managing directors, managers",1,0,0,0,0,0,0,0,0,0,0,0,0,0,0,1,0,1,0,0,0,0,0,0,0,0,0,0,0,0,0,0,0,0,0,0,0,0,0,0,0,0,0,0,0,0,0,0,0,0,0,0,1
0.21,21,10,11,,948.53552,504.67007,19.5,10.363636,0,,0,0,0,0,,"0.Business type, legal and social sciences professionals",1,0,0,0,0,0,0,0,0,0,0,0,0,0,0,1,0,0,0,0,0,1,0,0,0,0,0,0,0,0,0,0,0,0,0,0,0,0,0,0,0,0,0,0,0,0,0,0,0,0,0,0,1
0.21.15,9,7,2,529.70691,2647.4355,1045.6093,23.142857,3.5,2,1,0,0,0,0,1,"0.Business type, legal and social sciences professionals.Managing directors, managers",1,0,0,0,0,0,0,0,0,0,0,0,0,0,0,1,0,0,0,0,0,1,0,0,0,0,0,0,0,0,0,0,0,0,0,0,0,0,0,0,0,0,0,0,0,0,0,0,0,0,0,0,1
0.24,51,14,37,,598.68976,512.427,9.6428576,15.594595,1,,0,0,0,1,,0.Technicians and technical professionals,1,0,0,0,0,0,0,0,0,0,0,0,0,0,0,1,0,1,0,0,0,0,0,0,1,0,0,0,0,0,0,0,0,0,0,0,0,0,0,0,0,0,0,0,0,0,0,0,0,0,0,0,1
0.24.15,12,2,10,1375.1985,345.75143,1445.1302,4.5,15.2,1,1,1,1,1,1,1,"0.Technicians and technical professionals.Managing directors, managers",1,0,0,0,0,0,0,0,0,0,0,0,0,0,0,1,0,0,0,0,0,0,0,0,1,0,0,0,0,0,0,0,0,0,0,0,0,0,0,0,0,0,0,0,0,0,0,0,0,0,0,0,1
0.24.17,4,0,4,3807.5386,,1400.7972,,30.25,1,1,,,,,,"0.Technicians and technical professionals.Technical, information technology, science related professionals",1,0,0,0,0,0,0,0,0,0,0,0,0,0,0,1,0,1,0,0,0,0,0,0,1,0,0,0,0,0,0,0,0,0,0,0,0,0,0,0,0,0,0,0,0,0,0,0,0,0,0,0,1
0.24.17.15,4,0,4,581.29871,,2468.7405,,24.75,1,1,,,,,1,"0.Technicians and technical professionals.Technical, information technology, science related professionals.Managing directors, managers",1,0,0,0,0,0,0,0,0,0,0,0,0,0,0,1,0,1,0,0,0,0,0,0,1,0,0,0,0,0,0,0,0,0,0,0,0,0,0,0,0,0,0,0,0,0,0,0,0,0,0,0,1
0.28,12,8,4,,397.0423,357.69687,13.5,6.75,2,,0,0,0,0,,"0.Social health care, labour market services professionals",1,0,0,0,0,0,0,0,0,0,0,0,0,0,0,1,0,0,0,0,0,0,0,0,0,0,0,0,1,0,0,0,0,0,1,0,0,0,0,0,0,0,0,0,0,0,0,0,0,0,0,0,1
0.28.34,5,3,2,1380.7783,394.69315,763.02417,50,28,0,1,1,1,1,0,,"0.Social health care, labour market services professionals.Commercial and catering occupations",1,0,0,0,0,0,0,0,0,0,0,0,0,0,0,1,0,0,0,0,0,0,0,0,0,0,0,0,1,0,0,0,0,0,1,0,0,0,0,0,0,0,0,0,0,0,0,0,0,0,0,0,1
0.28.34.15,4,2,2,122.17748,1100.9138,1021.1023,30,4.5,0,1,0,0,0,0,0,"0.Social health care, labour market services professionals.Commercial and catering occupations.Managing directors, managers",1,0,0,0,0,0,0,0,0,0,0,0,0,0,0,1,0,0,0,0,0,0,0,0,0,0,0,0,1,0,0,0,0,0,1,0,0,0,0,0,0,0,0,0,0,0,0,0,0,0,0,0,1
0.29,147,86,61,,467.78339,476.7688,18.186047,14.459017,0,,1,1,0,0,,"0.Business related services administrators, agents",1,0,0,0,0,0,0,0,0,0,0,0,0,0,0,1,0,0,0,0,0,1,0,0,0,0,0,0,0,1,0,0,0,1,1,0,0,0,0,0,0,0,0,0,0,0,0,0,1,0,0,0,1
0.29.15,34,19,15,601.44232,948.01721,955.94598,14.105263,15.2,0,1,1,1,0,1,0,"0.Business related services administrators, agents.Managing directors, managers",1,0,0,0,0,0,0,0,0,0,0,0,0,0,0,1,0,0,0,0,0,0,0,0,0,0,0,0,0,1,0,0,0,0,0,0,0,0,0,0,0,0,0,0,0,0,0,0,0,0,0,0,1
0.29.21,10,4,6,1723.6752,899.85828,777.75244,13.25,17.833334,1,1,0,0,0,1,,"0.Business related services administrators, agents.Business type, legal and social sciences professionals",1,0,0,0,0,0,0,0,0,0,0,0,0,0,0,1,0,0,0,0,0,1,0,0,0,0,0,0,0,1,0,0,0,0,0,0,0,0,0,0,0,0,0,0,0,0,0,0,0,0,0,0,1
0.29.21.15,4,2,2,407.34274,1859.359,2985.209,15,12,0,1,1,1,1,0,1,"0.Business related services administrators, agents.Business type, legal and social sciences professionals.Managing directors, managers",1,0,0,0,0,0,0,0,0,0,0,0,0,0,0,1,0,0,0,0,0,1,0,0,0,0,0,0,0,1,0,0,0,0,0,0,0,0,0,0,0,0,0,0,0,0,0,0,0,0,0,0,1
0.29.33,22,15,7,283.70627,540.33069,545.38641,21.933332,14.142858,2,1,1,1,0,0,,"0.Business related services administrators, agents.Customer services occupations",1,0,0,0,0,0,0,0,0,0,0,0,0,0,0,1,0,0,0,0,0,0,0,0,0,0,0,0,0,1,0,0,0,1,1,0,0,0,0,0,0,0,0,0,0,0,0,0,0,0,0,0,1
0.29.33.15,10,6,4,92.21508,911.90143,673.2699,18.5,29.25,0,1,0,0,0,1,0,"0.Business related services administrators, agents.Customer services occupations.Managing directors, managers",1,0,0,0,0,0,0,0,0,0,0,0,0,0,0,1,0,0,0,0,0,0,0,0,0,0,0,0,0,1,0,0,0,1,0,0,0,0,0,0,0,0,0,0,0,0,0,0,0,0,0,0,1
0.29.33.34,5,4,1,-559.26465,446.45572,450.75806,10.25,1,2,0,1,,0,0,,"0.Business related services administrators, agents.Customer services occupations.Commercial and catering occupations",1,0,0,0,0,0,0,0,0,0,0,0,0,0,0,1,0,0,0,0,0,0,0,0,0,0,0,0,0,1,0,0,0,1,1,0,0,0,0,0,0,0,0,0,0,0,0,0,0,0,0,0,1
0.29.33.34.15,4,3,1,650.57367,624.63983,602.21375,13,2,2,1,0,,0,0,0,"0.Business related services administrators, agents.Customer services occupations.Commercial and catering occupations.Managing directors, managers",1,0,0,0,0,0,0,0,0,0,0,0,0,0,0,1,0,0,0,0,0,0,0,0,0,0,0,0,0,1,0,0,0,1,1,0,0,0,0,0,0,0,0,0,0,0,0,0,0,0,0,0,1
0.29.34,28,18,10,866.82849,487.28268,496.6976,15.722222,21,2,1,1,1,0,1,,"0.Business related services administrators, agents.Commercial and catering occupations",1,0,0,0,0,0,0,0,0,0,0,0,0,0,0,1,0,0,0,0,0,0,0,0,0,0,0,0,0,1,0,0,0,0,1,0,0,0,0,0,0,0,0,0,0,0,0,0,0,0,0,0,1
0.29.34.15,14,10,4,334.53339,939.03052,1084.944,12.7,5,2,1,1,1,1,0,0,"0.Business related services administrators, agents.Commercial and catering occupations.Managing directors, managers",1,0,0,0,0,0,0,0,0,0,0,0,0,0,0,1,0,0,0,0,0,0,0,0,0,0,0,0,0,1,0,0,0,0,1,0,0,0,0,0,0,0,0,0,0,0,0,0,0,0,0,0,1
0.29.48,11,7,4,504.29523,448.18964,373.62683,11,8.25,2,1,0,0,0,0,,"0.Business related services administrators, agents.Occupations not requiring qualifications",1,0,0,0,0,0,0,0,0,0,0,0,0,0,0,1,0,0,0,0,0,0,0,0,0,0,0,0,0,1,0,0,0,0,1,0,0,0,0,0,0,0,0,0,0,0,0,0,1,0,0,0,1
0.29.48.34,6,4,2,657.75177,623.79602,523.23578,28.5,21,2,1,0,0,0,0,,"0.Business related services administrators, agents.Occupations not requiring qualifications.Commercial and catering occupations",1,0,0,0,0,0,0,0,0,0,0,0,0,0,0,1,0,0,0,0,0,0,0,0,0,0,0,0,0,1,0,0,0,0,1,0,0,0,0,0,0,0,0,0,0,0,0,0,1,0,0,0,1
0.29.48.34.15,4,3,1,155.33771,1258.0922,757.10083,16,12,2,1,0,,0,0,1,"0.Business related services administrators, agents.Occupations not requiring qualifications.Commercial and catering occupations.Managing directors, managers",1,0,0,0,0,0,0,0,0,0,0,0,0,0,0,1,0,0,0,0,0,0,0,0,0,0,0,0,0,1,0,0,0,0,1,0,0,0,0,0,0,0,0,0,0,0,0,0,1,0,0,0,1
0.31,45,22,23,,400.71524,555.92798,14.318182,12,0,,1,1,1,0,,0.Other administrators,1,0,0,0,0,0,0,0,0,0,0,0,0,0,0,1,0,0,0,0,0,0,0,0,0,0,0,0,0,0,0,1,0,0,1,0,0,0,0,0,0,0,0,0,0,0,0,0,1,0,0,0,1
0.31.15,8,3,5,255.31657,1179.7767,692.591,35.666668,31.6,1,1,0,0,0,0,0,"0.Other administrators.Managing directors, managers",1,0,0,0,0,0,0,0,0,0,0,0,0,0,0,1,0,0,0,0,0,0,0,0,0,0,0,0,0,0,0,1,0,0,0,0,0,0,0,0,0,0,0,0,0,0,0,0,0,0,0,0,1
0.31.34,9,6,3,-265.89899,439.75928,744.40668,17.5,22.333334,2,0,1,1,1,1,,0.Other administrators.Commercial and catering occupations,1,0,0,0,0,0,0,0,0,0,0,0,0,0,0,1,0,0,0,0,0,0,0,0,0,0,0,0,0,0,0,1,0,0,1,0,0,0,0,0,0,0,0,0,0,0,0,0,0,0,0,0,1
0.31.34.15,6,3,3,184.76637,515.32715,859.51208,6.3333335,10.666667,0,1,1,1,1,1,0,"0.Other administrators.Commercial and catering occupations.Managing directors, managers",1,0,0,0,0,0,0,0,0,0,0,0,0,0,0,1,0,0,0,0,0,0,0,0,0,0,0,0,0,0,0,1,0,0,1,0,0,0,0,0,0,0,0,0,0,0,0,0,0,0,0,0,1
0.31.48,8,3,5,-1386.9919,382.62619,404.42511,12.333333,3.5999999,1,0,1,1,1,0,,0.Other administrators.Occupations not requiring qualifications,1,0,0,0,0,0,0,0,0,0,0,0,0,0,0,1,0,0,0,0,0,0,0,0,0,0,0,0,0,0,0,1,0,0,0,0,0,0,0,0,0,0,0,0,0,0,0,0,1,0,0,0,1
0.31.48.15,5,2,3,663.16553,666.19116,571.74286,13,10.333333,1,1,0,0,0,0,0,"0.Other administrators.Occupations not requiring qualifications.Managing directors, managers",1,0,0,0,0,0,0,0,0,0,0,0,0,0,0,1,0,0,0,0,0,0,0,0,0,0,0,0,0,0,0,1,0,0,0,0,0,0,0,0,0,0,0,0,0,0,0,0,1,0,0,0,1
0.32,144,92,52,,392.71747,415.92801,9.054348,11.519231,2,,1,1,1,1,,0.Office clerks,1,0,0,0,0,0,0,0,0,0,0,0,0,0,0,1,0,0,0,0,0,0,0,0,0,0,0,0,0,1,0,0,1,0,1,0,0,0,0,0,0,0,0,0,0,0,0,0,1,0,0,0,1
0.32.15,29,15,14,672.68121,542.87067,810.72705,22.666666,25.214285,0,1,1,1,1,1,0,"0.Office clerks.Managing directors, managers",1,0,0,0,0,0,0,0,0,0,0,0,0,0,0,1,0,0,0,0,0,0,0,0,0,0,0,0,0,0,0,0,1,0,0,0,0,0,0,0,0,0,0,0,0,0,0,0,0,0,0,0,1
0.32.29,15,13,2,2153.5625,747.70386,845.22375,21.307692,18.5,2,1,1,1,1,0,,"0.Office clerks.Business related services administrators, agents",1,0,0,0,0,0,0,0,0,0,0,0,0,0,0,1,0,0,0,0,0,0,0,0,0,0,0,0,0,1,0,0,1,0,0,0,0,0,0,0,0,0,0,0,0,0,0,0,0,0,0,0,1
0.32.29.15,8,7,1,887.70337,1402.6936,1264.7059,7.2857141,1,2,1,0,,0,0,1,"0.Office clerks.Business related services administrators, agents.Managing directors, managers",1,0,0,0,0,0,0,0,0,0,0,0,0,0,0,1,0,0,0,0,0,0,0,0,0,0,0,0,0,1,0,0,1,0,0,0,0,0,0,0,0,0,0,0,0,0,0,0,0,0,0,0,1
0.32.34,29,25,4,798.72559,561.27368,469.14606,19.959999,9,2,1,0,0,0,0,,0.Office clerks.Commercial and catering occupations,1,0,0,0,0,0,0,0,0,0,0,0,0,0,0,1,0,0,0,0,0,0,0,0,0,0,0,0,0,0,0,0,1,0,1,0,0,0,0,0,0,0,0,0,0,0,0,0,0,0,0,0,1
0.32.34.15,15,15,0,1041.5789,1268.7434,,16.799999,,2,1,,,,,1,"0.Office clerks.Commercial and catering occupations.Managing directors, managers",1,0,0,0,0,0,0,0,0,0,0,0,0,0,0,1,0,0,0,0,0,0,0,0,0,0,0,0,0,0,0,0,1,0,1,0,0,0,0,0,0,0,0,0,0,0,0,0,0,0,0,0,1
0.32.48,15,9,6,-33.911537,352.66614,456.68304,5.2222223,15,0,0,1,1,1,1,,0.Office clerks.Occupations not requiring qualifications,1,0,0,0,0,0,0,0,0,0,0,0,0,0,0,1,0,0,0,0,0,0,0,0,0,0,0,0,0,0,0,0,1,0,0,0,0,0,0,0,0,0,0,0,0,0,0,0,1,0,0,0,1
0.32.48.15,6,2,4,875.96161,474.16644,1021.3104,3,26.25,1,1,1,1,1,1,0,"0.Office clerks.Occupations not requiring qualifications.Managing directors, managers",1,0,0,0,0,0,0,0,0,0,0,0,0,0,0,1,0,0,0,0,0,0,0,0,0,0,0,0,0,0,0,0,1,0,0,0,0,0,0,0,0,0,0,0,0,0,0,0,1,0,0,0,1
0.33,140,114,26,,499.35434,495.74951,15.649123,14.307693,2,,0,0,0,0,,0.Customer services occupations,1,0,0,0,0,0,0,0,0,0,0,0,0,0,0,1,0,0,0,0,0,0,0,0,0,0,0,0,0,1,0,0,0,1,1,0,0,0,0,0,0,0,0,0,0,0,0,0,1,0,0,0,1
0.33.15,19,17,2,-2579.9243,809.90039,822.0611,7.2941175,65,2,0,1,1,0,1,0,"0.Customer services occupations.Managing directors, managers",1,0,0,0,0,0,0,0,0,0,0,0,0,0,0,1,0,0,0,0,0,0,0,0,0,0,0,0,0,0,0,0,0,1,0,0,0,0,0,0,0,0,0,0,0,0,0,0,0,0,0,0,1
0.33.29,12,11,1,694.47205,552.85535,456.87421,12.363636,2,2,1,0,,0,0,,"0.Customer services occupations.Business related services administrators, agents",1,0,0,0,0,0,0,0,0,0,0,0,0,0,0,1,0,0,0,0,0,0,0,0,0,0,0,0,0,1,0,0,0,1,0,0,0,0,0,0,0,0,0,0,0,0,0,0,0,0,0,0,1
0.33.29.15,6,6,0,298.43155,867.69031,,13.666667,,2,1,,,,,0,"0.Customer services occupations.Business related services administrators, agents.Managing directors, managers",1,0,0,0,0,0,0,0,0,0,0,0,0,0,0,1,0,0,0,0,0,0,0,0,0,0,0,0,0,1,0,0,0,1,0,0,0,0,0,0,0,0,0,0,0,0,0,0,0,0,0,0,1
0.33.34,69,57,12,280.97546,568.05115,500.6272,12.543859,14.083333,2,1,0,0,0,1,,0.Customer services occupations.Commercial and catering occupations,1,0,0,0,0,0,0,0,0,0,0,0,0,0,0,1,0,0,0,0,0,0,0,0,0,0,0,0,0,0,0,0,0,1,1,0,0,0,0,0,0,0,0,0,0,0,0,0,0,0,0,0,1
0.33.34.15,36,33,3,423.50027,760.23785,1088.8127,19.030304,26,2,1,1,1,1,1,0,"0.Customer services occupations.Commercial and catering occupations.Managing directors, managers",1,0,0,0,0,0,0,0,0,0,0,0,0,0,0,1,0,0,0,0,0,0,0,0,0,0,0,0,0,0,0,0,0,1,1,0,0,0,0,0,0,0,0,0,0,0,0,0,0,0,0,0,1
0.33.48,10,5,5,180.995,492.11865,554.01422,6,11,0,1,1,1,1,1,,0.Customer services occupations.Occupations not requiring qualifications,1,0,0,0,0,0,0,0,0,0,0,0,0,0,0,1,0,0,0,0,0,0,0,0,0,0,0,0,0,0,0,0,0,1,1,0,0,0,0,0,0,0,0,0,0,0,0,0,1,0,0,0,1
0.33.48.15,4,2,2,-458.51382,670.73126,643.65381,36,5,0,0,0,0,0,0,0,"0.Customer services occupations.Occupations not requiring qualifications.Managing directors, managers",1,0,0,0,0,0,0,0,0,0,0,0,0,0,0,1,0,0,0,0,0,0,0,0,0,0,0,0,0,0,0,0,0,1,0,0,0,0,0,0,0,0,0,0,0,0,0,0,1,0,0,0,1
0.33.48.34,4,2,2,390.36194,666.19244,697.62939,59,17.5,0,1,1,1,0,0,,0.Customer services occupations.Occupations not requiring qualifications.Commercial and catering occupations,1,0,0,0,0,0,0,0,0,0,0,0,0,0,0,1,0,0,0,0,0,0,0,0,0,0,0,0,0,0,0,0,0,1,1,0,0,0,0,0,0,0,0,0,0,0,0,0,1,0,0,0,1
0.33.48.34.15,4,2,2,211.21678,965.99109,1080.1017,2.5,20.5,0,1,1,1,1,1,0,"0.Customer services occupations.Occupations not requiring qualifications.Commercial and catering occupations.Managing directors, managers",1,0,0,0,0,0,0,0,0,0,0,0,0,0,0,1,0,0,0,0,0,0,0,0,0,0,0,0,0,0,0,0,0,1,1,0,0,0,0,0,0,0,0,0,0,0,0,0,1,0,0,0,1
0.34,1214,734,480,,431.50821,415.10559,23.708447,22.1875,2,,0,0,0,0,,0.Commercial and catering occupations,1,0,0,0,0,0,0,0,0,0,0,0,0,0,1,1,1,1,0,0,0,1,0,0,0,0,0,0,0,1,0,1,1,1,1,1,0,0,0,0,0,0,0,0,0,0,0,0,1,0,1,0,1
0.34.14,10,6,4,307.00815,552.33508,702.61896,13.166667,7.5,0,1,1,1,1,0,0,"0.Commercial and catering occupations.Chief executives, senior officials and legislators",1,0,0,0,0,0,0,0,0,0,0,0,0,0,1,0,0,0,0,0,0,0,0,0,0,0,0,0,0,0,0,0,0,0,1,0,0,0,0,0,0,0,0,0,0,0,0,0,0,0,0,0,1
0.34.15,543,339,204,496.05389,758.58557,782.60162,14.589971,16.833334,2,1,1,1,0,1,0,"0.Commercial and catering occupations.Managing directors, managers",1,0,0,0,0,0,0,0,0,0,0,0,0,0,0,1,0,0,0,0,0,0,0,0,0,0,0,0,0,0,0,0,0,0,1,0,0,0,0,0,0,0,0,0,0,0,0,0,0,0,0,0,1
0.34.16,27,16,11,87.145409,673.51758,603.026,18.0625,25.727272,0,1,0,0,0,1,,0.Commercial and catering occupations.Supervisors,1,0,0,0,0,0,0,0,0,0,0,0,0,0,0,1,1,0,0,0,0,0,0,0,0,0,0,0,0,0,0,0,0,0,1,0,0,0,0,0,0,0,0,0,0,0,0,0,0,0,0,0,1
0.34.16.15,24,15,9,135.26796,826.14648,837.61975,32.266666,28.222221,2,1,1,1,0,0,0,"0.Commercial and catering occupations.Supervisors.Managing directors, managers",1,0,0,0,0,0,0,0,0,0,0,0,0,0,0,1,1,0,0,0,0,0,0,0,0,0,0,0,0,0,0,0,0,0,1,0,0,0,0,0,0,0,0,0,0,0,0,0,0,0,0,0,1
0.34.17,6,2,4,3387.4299,774.82941,1024.7386,9.5,21.75,1,1,1,1,1,1,,"0.Commercial and catering occupations.Technical, information technology, science related professionals",1,0,0,0,0,0,0,0,0,0,0,0,0,0,0,1,0,1,0,0,0,0,0,0,0,0,0,0,0,0,0,0,0,0,1,0,0,0,0,0,0,0,0,0,0,0,0,0,0,0,0,0,1
0.34.17.15,5,1,4,4747.3984,565.70435,1714.3309,50,20,1,1,1,,1,0,1,"0.Commercial and catering occupations.Technical, information technology, science related professionals.Managing directors, managers",1,0,0,0,0,0,0,0,0,0,0,0,0,0,0,1,0,1,0,0,0,0,0,0,0,0,0,0,0,0,0,0,0,0,1,0,0,0,0,0,0,0,0,0,0,0,0,0,0,0,0,0,1
0.34.21,9,4,5,2927.6714,871.08557,822.66437,23.75,20.799999,0,1,0,0,0,0,,"0.Commercial and catering occupations.Business type, legal and social sciences professionals",1,0,0,0,0,0,0,0,0,0,0,0,0,0,0,1,0,0,0,0,0,1,0,0,0,0,0,0,0,0,0,0,0,0,1,0,0,0,0,0,0,0,0,0,0,0,0,0,0,0,0,0,1
0.34.21.15,5,2,3,296.85315,1819.3624,1257.8971,7,11.666667,1,1,0,0,0,1,1,"0.Commercial and catering occupations.Business type, legal and social sciences professionals.Managing directors, managers",1,0,0,0,0,0,0,0,0,0,0,0,0,0,0,1,0,0,0,0,0,1,0,0,0,0,0,0,0,0,0,0,0,0,1,0,0,0,0,0,0,0,0,0,0,0,0,0,0,0,0,0,1
0.34.29,79,49,30,946.49506,596.71997,556.61578,15.67347,18.299999,2,1,0,0,0,1,,"0.Commercial and catering occupations.Business related services administrators, agents",1,0,0,0,0,0,0,0,0,0,0,0,0,0,0,1,0,0,0,0,0,0,0,0,0,0,0,0,0,1,0,0,0,1,1,0,0,0,0,0,0,0,0,0,0,0,0,0,0,0,0,0,1
0.34.29.15,35,18,17,368.85883,1076.2649,779.45111,16.333334,8.8235292,0,1,0,0,0,0,0,"0.Commercial and catering occupations.Business related services administrators, agents.Managing directors, managers",1,0,0,0,0,0,0,0,0,0,0,0,0,0,0,1,0,0,0,0,0,0,0,0,0,0,0,0,0,1,0,0,0,0,1,0,0,0,0,0,0,0,0,0,0,0,0,0,0,0,0,0,1
0.34.29.33,4,4,0,54.755432,562.62274,,32,,2,1,,,,,,"0.Commercial and catering occupations.Business related services administrators, agents.Customer services occupations",1,0,0,0,0,0,0,0,0,0,0,0,0,0,0,1,0,0,0,0,0,0,0,0,0,0,0,0,0,1,0,0,0,1,1,0,0,0,0,0,0,0,0,0,0,0,0,0,0,0,0,0,1
0.34.29.33.15,4,4,0,44.705132,678.28296,,49.75,,2,1,,,,,0,"0.Commercial and catering occupations.Business related services administrators, agents.Customer services occupations.Managing directors, managers",1,0,0,0,0,0,0,0,0,0,0,0,0,0,0,1,0,0,0,0,0,0,0,0,0,0,0,0,0,1,0,0,0,1,1,0,0,0,0,0,0,0,0,0,0,0,0,0,0,0,0,0,1
0.34.29.34,18,11,7,445.05386,731.6438,515.82983,12.909091,18.571428,2,1,0,0,0,1,,"0.Commercial and catering occupations.Business related services administrators, agents.Commercial and catering occupations",1,0,0,0,0,0,0,0,0,0,0,0,0,0,0,1,0,0,0,0,0,0,0,0,0,0,0,0,0,1,0,0,0,0,1,0,0,0,0,0,0,0,0,0,0,0,0,0,0,0,0,1,1
0.34.29.34.15,9,5,4,548.58777,967.70197,939.74066,12.2,25,0,1,0,0,0,1,0,"0.Commercial and catering occupations.Business related services administrators, agents.Commercial and catering occupations.Managing directors, managers",1,0,0,0,0,0,0,0,0,0,0,0,0,0,0,1,0,0,0,0,0,0,0,0,0,0,0,0,0,1,0,0,0,0,1,0,0,0,0,0,0,0,0,0,0,0,0,0,0,0,0,1,1
0.34.31,27,15,12,1227.0636,551.79565,694.88373,15.2,5.6666665,0,1,1,1,1,0,,0.Commercial and catering occupations.Other administrators,1,0,0,0,0,0,0,0,0,0,0,0,0,0,0,1,0,0,0,0,0,0,0,0,0,0,0,0,0,0,0,1,0,0,1,0,0,0,0,0,0,0,0,0,0,0,0,0,0,0,0,0,1
0.34.31.15,5,3,2,156.3175,2165.8354,1037.4036,5,4.5,0,1,0,0,0,0,1,"0.Commercial and catering occupations.Other administrators.Managing directors, managers",1,0,0,0,0,0,0,0,0,0,0,0,0,0,0,1,0,0,0,0,0,0,0,0,0,0,0,0,0,0,0,1,0,0,1,0,0,0,0,0,0,0,0,0,0,0,0,0,0,0,0,0,1
0.34.32,48,39,9,275.56625,448.59106,697.01984,15.153846,7.2222223,2,1,1,1,1,0,,0.Commercial and catering occupations.Office clerks,1,0,0,0,0,0,0,0,0,0,0,0,0,0,0,1,0,0,0,0,0,0,0,0,0,0,0,0,0,1,0,0,1,0,1,0,0,0,0,0,0,0,0,0,0,0,0,0,0,0,0,0,1
0.34.32.15,15,10,5,185.84497,789.40515,516.01398,14.5,9,2,1,0,0,0,0,0,"0.Commercial and catering occupations.Office clerks.Managing directors, managers",1,0,0,0,0,0,0,0,0,0,0,0,0,0,0,1,0,0,0,0,0,0,0,0,0,0,0,0,0,0,0,0,1,0,1,0,0,0,0,0,0,0,0,0,0,0,0,0,0,0,0,0,1
0.34.32.29,5,4,1,1594.0221,689.85382,1476.1106,6.75,19,2,1,1,,1,1,,"0.Commercial and catering occupations.Office clerks.Business related services administrators, agents",1,0,0,0,0,0,0,0,0,0,0,0,0,0,0,1,0,0,0,0,0,0,0,0,0,0,0,0,0,1,0,0,1,0,1,0,0,0,0,0,0,0,0,0,0,0,0,0,0,0,0,0,1
0.34.32.29.15,4,3,1,-1161.9141,688.04846,567.22314,6.6666665,3,2,0,0,,0,0,0,"0.Commercial and catering occupations.Office clerks.Business related services administrators, agents.Managing directors, managers",1,0,0,0,0,0,0,0,0,0,0,0,0,0,0,1,0,0,0,0,0,0,0,0,0,0,0,0,0,1,0,0,1,0,1,0,0,0,0,0,0,0,0,0,0,0,0,0,0,0,0,0,1
0.34.32.34,13,12,1,493.53848,512.10376,956.73956,26.25,14,2,1,1,,1,0,,0.Commercial and catering occupations.Office clerks.Commercial and catering occupations,1,0,0,0,0,0,0,0,0,0,0,0,0,0,0,1,0,0,0,0,0,0,0,0,0,0,0,0,0,0,0,0,1,0,1,0,0,0,0,0,0,0,0,0,0,0,0,0,0,0,0,1,1
0.34.32.34.15,8,8,0,349.60049,882.73083,,8.75,,2,1,,,,,0,"0.Commercial and catering occupations.Office clerks.Commercial and catering occupations.Managing directors, managers",1,0,0,0,0,0,0,0,0,0,0,0,0,0,0,1,0,0,0,0,0,0,0,0,0,0,0,0,0,0,0,0,1,0,1,0,0,0,0,0,0,0,0,0,0,0,0,0,0,0,0,1,1
0.34.33,104,79,25,309.15591,529.03308,544.46899,14.556962,10,2,1,1,1,0,0,,0.Commercial and catering occupations.Customer services occupations,1,0,0,0,0,0,0,0,0,0,0,0,0,0,0,1,0,0,0,0,0,0,0,0,0,0,0,0,0,0,0,0,0,1,1,0,0,0,0,0,0,0,0,0,0,0,0,0,0,0,0,0,1
0.34.33.15,33,21,12,-62.562809,958.78217,732.26874,11.952381,19.666666,2,0,0,0,0,1,0,"0.Commercial and catering occupations.Customer services occupations.Managing directors, managers",1,0,0,0,0,0,0,0,0,0,0,0,0,0,0,1,0,0,0,0,0,0,0,0,0,0,0,0,0,0,0,0,0,1,1,0,0,0,0,0,0,0,0,0,0,0,0,0,0,0,0,0,1
0.34.33.34,50,41,9,110.77541,502.21167,472.29758,31.487804,12.333333,2,1,0,0,0,0,,0.Commercial and catering occupations.Customer services occupations.Commercial and catering occupations,1,0,0,0,0,0,0,0,0,0,0,0,0,0,0,1,0,0,0,0,0,0,0,0,0,0,0,0,0,0,0,0,0,1,1,0,0,0,0,0,0,0,0,0,0,0,0,0,0,0,0,1,1
0.34.33.34.15,29,25,4,138.37704,854.70752,582.7309,15.32,12.25,2,1,0,0,0,0,0,"0.Commercial and catering occupations.Customer services occupations.Commercial and catering occupations.Managing directors, managers",1,0,0,0,0,0,0,0,0,0,0,0,0,0,0,1,0,0,0,0,0,0,0,0,0,0,0,0,0,0,0,0,0,1,1,0,0,0,0,0,0,0,0,0,0,0,0,0,0,0,0,1,1
0.34.35,28,17,11,501.47852,390.54514,385.34512,11.823529,9,2,1,0,0,0,0,,0.Commercial and catering occupations.Service workers,1,0,0,0,0,0,0,0,0,0,0,0,0,0,0,1,0,0,0,0,0,0,0,0,0,0,0,0,0,0,0,0,0,0,1,1,0,0,0,0,0,0,0,0,0,0,0,0,0,0,0,0,1
0.34.35.15,7,4,3,1592.3201,757.94733,584.39929,9.25,4.3333335,0,1,0,0,0,0,0,"0.Commercial and catering occupations.Service workers.Managing directors, managers",1,0,0,0,0,0,0,0,0,0,0,0,0,0,0,1,0,0,0,0,0,0,0,0,0,0,0,0,0,0,0,0,0,0,1,1,0,0,0,0,0,0,0,0,0,0,0,0,0,0,0,0,1
0.34.35.34,9,7,2,1488.4951,596.18073,374.01965,23,2.5,2,1,0,0,0,0,,0.Commercial and catering occupations.Service workers.Commercial and catering occupations,1,0,0,0,0,0,0,0,0,0,0,0,0,0,0,1,0,0,0,0,0,0,0,0,0,0,0,0,0,0,0,0,0,0,1,1,0,0,0,0,0,0,0,0,0,0,0,0,0,0,0,1,1
0.34.35.34.15,6,6,0,333.41434,825.40399,,8.833333,,2,1,,,,,0,"0.Commercial and catering occupations.Service workers.Commercial and catering occupations.Managing directors, managers",1,0,0,0,0,0,0,0,0,0,0,0,0,0,0,1,0,0,0,0,0,0,0,0,0,0,0,0,0,0,0,0,0,0,1,1,0,0,0,0,0,0,0,0,0,0,0,0,0,0,0,1,1
0.34.48,215,110,105,203.02908,416.51556,478.66891,10.527273,15.266666,0,1,1,1,1,1,,0.Commercial and catering occupations.Occupations not requiring qualifications,1,0,0,0,0,0,0,0,0,0,0,0,0,0,0,1,0,0,0,0,0,0,0,0,0,0,0,0,0,1,0,0,0,0,1,0,0,0,0,0,0,0,0,0,0,0,0,0,1,0,1,0,1
0.34.48.15,79,37,42,389.02805,721.29553,754.22131,12.918919,11.238095,0,1,1,1,0,0,0,"0.Commercial and catering occupations.Occupations not requiring qualifications.Managing directors, managers",1,0,0,0,0,0,0,0,0,0,0,0,0,0,0,1,0,0,0,0,0,0,0,0,0,0,0,0,0,0,0,0,0,0,1,0,0,0,0,0,0,0,0,0,0,0,0,0,1,0,0,0,1
0.34.48.29,10,5,5,134.7364,476.32095,651.21539,31.6,19,0,1,1,1,1,0,,"0.Commercial and catering occupations.Occupations not requiring qualifications.Business related services administrators, agents",1,0,0,0,0,0,0,0,0,0,0,0,0,0,0,1,0,0,0,0,0,0,0,0,0,0,0,0,0,1,0,0,0,0,1,0,0,0,0,0,0,0,0,0,0,0,0,0,1,0,0,0,1
0.34.48.29.15,7,4,3,120.3876,715.21411,784.77106,24.75,17.666666,0,1,1,1,1,0,0,"0.Commercial and catering occupations.Occupations not requiring qualifications.Business related services administrators, agents.Managing directors, managers",1,0,0,0,0,0,0,0,0,0,0,0,0,0,0,1,0,0,0,0,0,0,0,0,0,0,0,0,0,1,0,0,0,0,1,0,0,0,0,0,0,0,0,0,0,0,0,0,1,0,0,0,1
0.34.48.34,79,49,30,536.62622,514.80316,512.08575,20.367348,19.266666,2,1,0,0,0,0,,0.Commercial and catering occupations.Occupations not requiring qualifications.Commercial and catering occupations,1,0,0,0,0,0,0,0,0,0,0,0,0,0,0,1,0,0,0,0,0,0,0,0,0,0,0,0,0,0,0,0,0,0,1,0,0,0,0,0,0,0,0,0,0,0,0,0,1,0,0,1,1
0.34.48.34.15,49,32,17,250.50612,891.44073,833.36072,14.40625,17.411764,2,1,0,0,0,1,0,"0.Commercial and catering occupations.Occupations not requiring qualifications.Commercial and catering occupations.Managing directors, managers",1,0,0,0,0,0,0,0,0,0,0,0,0,0,0,1,0,0,0,0,0,0,0,0,0,0,0,0,0,0,0,0,0,0,1,0,0,0,0,0,0,0,0,0,0,0,0,0,1,0,0,1,1
0.34.48.34.48,17,10,7,396.32593,423.68552,457.88632,17.9,8.5714283,0,1,1,1,1,0,,0.Commercial and catering occupations.Occupations not requiring qualifications.Commercial and catering occupations.Occupations not requiring qualifications,1,0,0,0,0,0,0,0,0,0,0,0,0,0,0,1,0,0,0,0,0,0,0,0,0,0,0,0,0,0,0,0,0,0,1,0,0,0,0,0,0,0,0,0,0,0,0,0,1,0,0,2,1
0.34.48.34.48.15,7,6,1,159.32898,626.55176,805.15076,10.166667,2,2,1,1,,1,0,0,"0.Commercial and catering occupations.Occupations not requiring qualifications.Commercial and catering occupations.Occupations not requiring qualifications.Managing directors, managers",1,0,0,0,0,0,0,0,0,0,0,0,0,0,0,1,0,0,0,0,0,0,0,0,0,0,0,0,0,0,0,0,0,0,1,0,0,0,0,0,0,0,0,0,0,0,0,0,1,0,0,2,1
0.34.48.50,5,1,4,-515.86804,637.33893,322.31049,10,25,1,0,0,,0,1,,0.Commercial and catering occupations.Occupations not requiring qualifications.Entrepreneur,1,0,0,0,0,0,0,0,0,0,0,0,0,0,0,1,0,0,0,0,0,0,0,0,0,0,0,0,0,0,0,0,0,0,1,0,0,0,0,0,0,0,0,0,0,0,0,0,1,0,1,0,1
0.34.48.50.15,4,1,3,161.28235,990.81335,561.76544,2,21.666666,1,1,0,,0,1,0,"0.Commercial and catering occupations.Occupations not requiring qualifications.Entrepreneur.Managing directors, managers",1,0,0,0,0,0,0,0,0,0,0,0,0,0,0,1,0,0,0,0,0,0,0,0,0,0,0,0,0,0,0,0,0,0,1,0,0,0,0,0,0,0,0,0,0,0,0,0,1,0,1,0,1
0.34.50,22,15,7,-922.81531,319.5191,284.01004,8.7333336,3.1428571,2,0,0,0,0,0,,0.Commercial and catering occupations.Entrepreneur,1,0,0,0,0,0,0,0,0,0,0,0,0,0,0,1,0,0,0,0,0,0,0,0,0,0,0,0,0,0,0,0,0,0,1,0,0,0,0,0,0,0,0,0,0,0,0,0,0,0,1,0,1
0.34.50.15,6,6,0,64.607269,430.80991,,14.166667,,2,1,,,,,0,"0.Commercial and catering occupations.Entrepreneur.Managing directors, managers",1,0,0,0,0,0,0,0,0,0,0,0,0,0,0,1,0,0,0,0,0,0,0,0,0,0,0,0,0,0,0,0,0,0,1,0,0,0,0,0,0,0,0,0,0,0,0,0,0,0,1,0,1
0.34.50.34,10,6,4,888.89709,469.9241,507.84018,10.666667,17,0,1,1,1,1,1,,0.Commercial and catering occupations.Entrepreneur.Commercial and catering occupations,1,0,0,0,0,0,0,0,0,0,0,0,0,0,0,1,0,0,0,0,0,0,0,0,0,0,0,0,0,0,0,0,0,0,1,0,0,0,0,0,0,0,0,0,0,0,0,0,0,0,1,1,1
0.34.50.34.15,8,4,4,260.50558,593.16278,1293.364,9.5,11.5,0,1,1,1,1,1,0,"0.Commercial and catering occupations.Entrepreneur.Commercial and catering occupations.Managing directors, managers",1,0,0,0,0,0,0,0,0,0,0,0,0,0,0,1,0,0,0,0,0,0,0,0,0,0,0,0,0,0,0,0,0,0,1,0,0,0,0,0,0,0,0,0,0,0,0,0,0,0,1,1,1
0.35,107,48,59,,342.39813,366.03207,6.6666665,9.6779661,0,,1,1,1,1,,0.Service workers,1,0,0,0,0,0,0,0,0,0,0,0,0,0,0,1,0,0,0,0,0,0,0,0,0,0,0,0,0,0,0,0,0,0,1,1,0,0,0,0,0,0,0,0,0,0,0,0,1,0,0,0,1
0.35.15,20,8,12,2518.1941,570.83038,914.06732,10.25,14.333333,1,1,1,1,1,1,0,"0.Service workers.Managing directors, managers",1,0,0,0,0,0,0,0,0,0,0,0,0,0,0,1,0,0,0,0,0,0,0,0,0,0,0,0,0,0,0,0,0,0,0,1,0,0,0,0,0,0,0,0,0,0,0,0,0,0,0,0,1
0.35.34,22,14,8,1016.7189,446.22348,450.68945,17.785715,16.625,2,1,1,1,0,0,,0.Service workers.Commercial and catering occupations,1,0,0,0,0,0,0,0,0,0,0,0,0,0,0,1,0,0,0,0,0,0,0,0,0,0,0,0,0,0,0,0,0,0,1,1,0,0,0,0,0,0,0,0,0,0,0,0,0,0,0,0,1
0.35.34.15,10,7,3,105.39257,776.88641,845.12866,12.714286,20.666666,2,1,1,1,1,1,0,"0.Service workers.Commercial and catering occupations.Managing directors, managers",1,0,0,0,0,0,0,0,0,0,0,0,0,0,0,1,0,0,0,0,0,0,0,0,0,0,0,0,0,0,0,0,0,0,1,1,0,0,0,0,0,0,0,0,0,0,0,0,0,0,0,0,1
0.35.48,15,5,10,502.21765,384.56116,428.27618,11.6,9.8000002,1,1,1,1,1,0,,0.Service workers.Occupations not requiring qualifications,1,0,0,0,0,0,0,0,0,0,0,0,0,0,0,1,0,0,0,0,0,0,0,0,0,0,0,0,0,0,0,0,0,0,0,1,0,0,0,0,0,0,0,0,0,0,0,0,1,0,0,0,1
0.35.48.15,5,1,4,222.5625,690.99878,576.70679,10,8.25,1,1,0,,0,0,0,"0.Service workers.Occupations not requiring qualifications.Managing directors, managers",1,0,0,0,0,0,0,0,0,0,0,0,0,0,0,1,0,0,0,0,0,0,0,0,0,0,0,0,0,0,0,0,0,0,0,1,0,0,0,0,0,0,0,0,0,0,0,0,1,0,0,0,1
0.36,57,16,41,,317.84717,361.00793,3.125,10.560976,1,,1,1,1,1,,0.Agricultural occupations,1,0,0,0,0,0,0,0,0,0,0,0,0,0,0,1,0,0,0,0,0,0,0,0,0,0,0,0,0,0,0,0,0,0,1,0,1,0,0,0,0,0,0,0,0,0,0,0,0,0,0,0,1
0.36.15,13,2,11,1071.4628,522.05096,679.62048,22,23.636364,1,1,1,1,1,1,0,"0.Agricultural occupations.Managing directors, managers",1,0,0,0,0,0,0,0,0,0,0,0,0,0,0,1,0,0,0,0,0,0,0,0,0,0,0,0,0,0,0,0,0,0,0,0,1,0,0,0,0,0,0,0,0,0,0,0,0,0,0,0,1
0.36.34,9,4,5,1361.8046,372.95026,530.01001,32.5,17,0,1,1,1,1,0,,0.Agricultural occupations.Commercial and catering occupations,1,0,0,0,0,0,0,0,0,0,0,0,0,0,0,1,0,0,0,0,0,0,0,0,0,0,0,0,0,0,0,0,0,0,1,0,1,0,0,0,0,0,0,0,0,0,0,0,0,0,0,0,1
0.36.34.15,5,1,4,354.82068,540.59851,593.15631,23,7.75,1,1,1,,1,0,0,"0.Agricultural occupations.Commercial and catering occupations.Managing directors, managers",1,0,0,0,0,0,0,0,0,0,0,0,0,0,0,1,0,0,0,0,0,0,0,0,0,0,0,0,0,0,0,0,0,0,1,0,1,0,0,0,0,0,0,0,0,0,0,0,0,0,0,0,1
0.38,77,23,54,,340.55524,407.11169,10.304348,24.685184,1,,1,1,1,1,,0.Food processing workers,1,0,0,0,0,0,0,0,0,0,0,0,0,0,0,1,0,0,0,0,0,0,0,0,0,0,0,0,0,0,0,0,0,0,1,0,0,0,1,0,0,0,0,0,0,0,0,0,0,0,0,0,1
0.38.15,18,4,14,342.03766,533.04535,792.5929,7.75,17.928572,1,1,1,1,1,1,0,"0.Food processing workers.Managing directors, managers",1,0,0,0,0,0,0,0,0,0,0,0,0,0,0,1,0,0,0,0,0,0,0,0,0,0,0,0,0,0,0,0,0,0,0,0,0,0,1,0,0,0,0,0,0,0,0,0,0,0,0,0,1
0.38.34,16,5,11,1083.499,569.80066,517.6712,40.599998,17.363636,1,1,0,0,0,0,,0.Food processing workers.Commercial and catering occupations,1,0,0,0,0,0,0,0,0,0,0,0,0,0,0,1,0,0,0,0,0,0,0,0,0,0,0,0,0,0,0,0,0,0,1,0,0,0,1,0,0,0,0,0,0,0,0,0,0,0,0,0,1
0.38.34.15,9,5,4,1401.5074,760.47046,903.79718,29.200001,22.25,0,1,1,1,1,0,0,"0.Food processing workers.Commercial and catering occupations.Managing directors, managers",1,0,0,0,0,0,0,0,0,0,0,0,0,0,0,1,0,0,0,0,0,0,0,0,0,0,0,0,0,0,0,0,0,0,1,0,0,0,1,0,0,0,0,0,0,0,0,0,0,0,0,0,1
0.39,39,10,29,,351.44263,316.62503,13.7,16,1,,0,0,0,1,,0.Light industry occupations,1,0,0,0,0,0,0,0,0,0,0,0,0,0,0,1,0,0,0,0,0,0,0,0,0,0,0,0,0,0,0,0,0,0,1,0,0,0,0,1,0,0,0,0,0,0,0,0,0,0,0,0,1
0.39.15,9,1,8,1509.066,397.97629,736.03827,9,8.5,1,1,1,,1,0,0,"0.Light industry occupations.Managing directors, managers",1,0,0,0,0,0,0,0,0,0,0,0,0,0,0,1,0,0,0,0,0,0,0,0,0,0,0,0,0,0,0,0,0,0,0,0,0,0,0,1,0,0,0,0,0,0,0,0,0,0,0,0,1
0.39.34,8,4,4,439.04016,601.47601,472.09348,19.75,62.5,0,1,0,0,0,1,,0.Light industry occupations.Commercial and catering occupations,1,0,0,0,0,0,0,0,0,0,0,0,0,0,0,1,0,0,0,0,0,0,0,0,0,0,0,0,0,0,0,0,0,0,1,0,0,0,0,1,0,0,0,0,0,0,0,0,0,0,0,0,1
0.39.34.15,7,3,4,119.70468,963.2179,855.87726,3.3333333,7.75,0,1,0,0,0,1,0,"0.Light industry occupations.Commercial and catering occupations.Managing directors, managers",1,0,0,0,0,0,0,0,0,0,0,0,0,0,0,1,0,0,0,0,0,0,0,0,0,0,0,0,0,0,0,0,0,0,1,0,0,0,0,1,0,0,0,0,0,0,0,0,0,0,0,0,1
0.40,120,22,98,,320.57742,432.79608,3.2727273,15.346939,1,,1,1,1,1,,0.Metal and electrical industry occupations,1,0,0,0,0,0,0,0,0,0,0,0,0,0,0,1,0,0,0,0,0,0,0,0,0,0,0,0,0,0,0,0,0,0,1,0,0,0,0,0,1,0,0,0,0,0,0,0,1,0,0,0,1
0.40.15,22,1,21,330.44598,271.45456,924.15411,1,15.095238,1,1,1,,1,1,0,"0.Metal and electrical industry occupations.Managing directors, managers",1,0,0,0,0,0,0,0,0,0,0,0,0,0,0,1,0,0,0,0,0,0,0,0,0,0,0,0,0,0,0,0,0,0,0,0,0,0,0,0,1,0,0,0,0,0,0,0,0,0,0,0,1
0.40.34,22,11,11,1417.0245,504.37628,481.37689,22.363636,25.09091,0,1,0,0,0,1,,0.Metal and electrical industry occupations.Commercial and catering occupations,1,0,0,0,0,0,0,0,0,0,0,0,0,0,0,1,0,0,0,0,0,0,0,0,0,0,0,0,0,0,0,0,0,0,1,0,0,0,0,0,1,0,0,0,0,0,0,0,0,0,0,0,1
0.40.34.15,9,4,5,92.917534,1204.3339,672.76636,18.25,28.799999,0,1,0,0,0,1,0,"0.Metal and electrical industry occupations.Commercial and catering occupations.Managing directors, managers",1,0,0,0,0,0,0,0,0,0,0,0,0,0,0,1,0,0,0,0,0,0,0,0,0,0,0,0,0,0,0,0,0,0,1,0,0,0,0,0,1,0,0,0,0,0,0,0,0,0,0,0,1
0.40.48,19,1,18,129.56303,349.71805,406.32578,3,16.222221,1,1,1,,1,1,,0.Metal and electrical industry occupations.Occupations not requiring qualifications,1,0,0,0,0,0,0,0,0,0,0,0,0,0,0,1,0,0,0,0,0,0,0,0,0,0,0,0,0,0,0,0,0,0,1,0,0,0,0,0,1,0,0,0,0,0,0,0,1,0,0,0,1
0.40.48.15,5,0,5,173.77106,,682.14758,,33.799999,1,1,,,,,0,"0.Metal and electrical industry occupations.Occupations not requiring qualifications.Managing directors, managers",1,0,0,0,0,0,0,0,0,0,0,0,0,0,0,1,0,0,0,0,0,0,0,0,0,0,0,0,0,0,0,0,0,0,0,0,0,0,0,0,1,0,0,0,0,0,0,0,1,0,0,0,1
0.40.48.34,4,1,3,608.55292,702.01105,574.25037,33,10.666667,1,1,0,,0,0,,0.Metal and electrical industry occupations.Occupations not requiring qualifications.Commercial and catering occupations,1,0,0,0,0,0,0,0,0,0,0,0,0,0,0,1,0,0,0,0,0,0,0,0,0,0,0,0,0,0,0,0,0,0,1,0,0,0,0,0,1,0,0,0,0,0,0,0,1,0,0,0,1
0.40.48.34.15,4,1,3,-649.35529,1331.7324,501.01074,45,1,1,0,0,,0,0,0,"0.Metal and electrical industry occupations.Occupations not requiring qualifications.Commercial and catering occupations.Managing directors, managers",1,0,0,0,0,0,0,0,0,0,0,0,0,0,0,1,0,0,0,0,0,0,0,0,0,0,0,0,0,0,0,0,0,0,1,0,0,0,0,0,1,0,0,0,0,0,0,0,1,0,0,0,1
0.42,72,0,72,,,340.66031,,13.152778,1,,,,,,,0.Building industry occupations,1,0,0,0,0,0,0,0,0,0,0,0,0,0,0,1,0,0,0,0,0,0,0,0,1,0,0,0,0,0,0,0,0,0,0,0,0,0,0,0,0,0,1,0,0,0,0,0,1,0,0,0,1
0.42.15,14,0,14,399.18069,,648.84155,,15.785714,1,1,,,,,0,"0.Building industry occupations.Managing directors, managers",1,0,0,0,0,0,0,0,0,0,0,0,0,0,0,1,0,0,0,0,0,0,0,0,0,0,0,0,0,0,0,0,0,0,0,0,0,0,0,0,0,0,1,0,0,0,0,0,0,0,0,0,1
0.42.24,6,0,6,1665.8619,,605.39374,,29,1,1,,,,,,0.Building industry occupations.Technicians and technical professionals,1,0,0,0,0,0,0,0,0,0,0,0,0,0,0,1,0,0,0,0,0,0,0,0,1,0,0,0,0,0,0,0,0,0,0,0,0,0,0,0,0,0,1,0,0,0,0,0,0,0,0,0,1
0.42.24.15,4,0,4,102.78959,,692.05597,,18.25,1,1,,,,,0,"0.Building industry occupations.Technicians and technical professionals.Managing directors, managers",1,0,0,0,0,0,0,0,0,0,0,0,0,0,0,1,0,0,0,0,0,0,0,0,1,0,0,0,0,0,0,0,0,0,0,0,0,0,0,0,0,0,1,0,0,0,0,0,0,0,0,0,1
0.42.48,19,0,19,530.11108,,397.48941,,10.052631,1,1,,,,,,0.Building industry occupations.Occupations not requiring qualifications,1,0,0,0,0,0,0,0,0,0,0,0,0,0,0,1,0,0,0,0,0,0,0,0,0,0,0,0,0,0,0,0,0,0,0,0,0,0,0,0,0,0,1,0,0,0,0,0,1,0,0,0,1
0.42.48.15,4,0,4,269.30182,,552.3963,,29,1,1,,,,,0,"0.Building industry occupations.Occupations not requiring qualifications.Managing directors, managers",1,0,0,0,0,0,0,0,0,0,0,0,0,0,0,1,0,0,0,0,0,0,0,0,0,0,0,0,0,0,0,0,0,0,0,0,0,0,0,0,0,0,1,0,0,0,0,0,1,0,0,0,1
0.44,115,36,80,,343.06149,432.43295,7.8333335,9.0124998,1,,1,1,1,1,,0.Manufacturing machine operators,1,0,0,0,0,0,0,0,0,0,0,0,0,0,0,1,0,0,0,0,0,0,0,0,0,0,0,0,0,0,0,0,0,0,1,0,0,0,0,0,0,0,0,0,1,0,0,0,1,0,0,0,1
0.44.15,15,1,14,2479.2297,500.82297,1051.8011,9,7.3571429,1,1,1,,1,0,0,"0.Manufacturing machine operators.Managing directors, managers",1,0,0,0,0,0,0,0,0,0,0,0,0,0,0,1,0,0,0,0,0,0,0,0,0,0,0,0,0,0,0,0,0,0,0,0,0,0,0,0,0,0,0,0,1,0,0,0,0,0,0,0,1
0.44.34,19,7,12,200.5015,393.38086,396.92142,30.857143,20.916666,1,1,1,1,0,0,,0.Manufacturing machine operators.Commercial and catering occupations,1,0,0,0,0,0,0,0,0,0,0,0,0,0,0,1,0,0,0,0,0,0,0,0,0,0,0,0,0,0,0,0,0,0,1,0,0,0,0,0,0,0,0,0,1,0,0,0,0,0,0,0,1
0.44.34.15,9,3,6,116.85299,624.22754,722.33405,29,25,1,1,1,1,1,0,0,"0.Manufacturing machine operators.Commercial and catering occupations.Managing directors, managers",1,0,0,0,0,0,0,0,0,0,0,0,0,0,0,1,0,0,0,0,0,0,0,0,0,0,0,0,0,0,0,0,0,0,1,0,0,0,0,0,0,0,0,0,1,0,0,0,0,0,0,0,1
0.44.48,23,7,16,538.92725,336.4335,472.28354,5.4285712,14.3125,1,1,1,1,1,1,,0.Manufacturing machine operators.Occupations not requiring qualifications,1,0,0,0,0,0,0,0,0,0,0,0,0,0,0,1,0,0,0,0,0,0,0,0,0,0,0,0,0,0,0,0,0,0,0,0,0,0,0,0,0,0,0,0,1,0,0,0,1,0,0,0,1
0.44.48.15,9,3,6,263.96631,531.5943,597.47095,11.333333,36.333332,1,1,1,1,1,1,0,"0.Manufacturing machine operators.Occupations not requiring qualifications.Managing directors, managers",1,0,0,0,0,0,0,0,0,0,0,0,0,0,0,1,0,0,0,0,0,0,0,0,0,0,0,0,0,0,0,0,0,0,0,0,0,0,0,0,0,0,0,0,1,0,0,0,1,0,0,0,1
0.45,97,42,55,,373.05054,458.62964,12.666667,11.381818,0,,1,1,1,0,,0.Assemblers,1,0,0,0,0,0,0,0,0,0,0,0,0,0,0,1,0,0,0,0,0,0,0,0,0,0,0,0,0,0,0,0,0,0,1,0,0,0,0,0,0,0,0,0,0,1,0,0,1,0,0,0,1
0.45.15,16,8,8,595.89105,789.0199,820.25934,18,10.875,0,1,1,1,0,0,0,"0.Assemblers.Managing directors, managers",1,0,0,0,0,0,0,0,0,0,0,0,0,0,0,1,0,0,0,0,0,0,0,0,0,0,0,0,0,0,0,0,0,0,0,0,0,0,0,0,0,0,0,0,0,1,0,0,0,0,0,0,1
0.45.34,19,11,8,680.79773,425.68729,540.11829,31.272728,24.75,0,1,1,1,1,0,,0.Assemblers.Commercial and catering occupations,1,0,0,0,0,0,0,0,0,0,0,0,0,0,0,1,0,0,0,0,0,0,0,0,0,0,0,0,0,0,0,0,0,0,1,0,0,0,0,0,0,0,0,0,0,1,0,0,0,0,0,0,1
0.45.34.15,11,6,5,562.17578,710.71515,855.36621,16.333334,20,0,1,1,1,1,1,0,"0.Assemblers.Commercial and catering occupations.Managing directors, managers",1,0,0,0,0,0,0,0,0,0,0,0,0,0,0,1,0,0,0,0,0,0,0,0,0,0,0,0,0,0,0,0,0,0,1,0,0,0,0,0,0,0,0,0,0,1,0,0,0,0,0,0,1
0.45.48,30,10,20,284.66302,507.64993,397.50763,8.6999998,10.7,1,1,0,0,0,1,,0.Assemblers.Occupations not requiring qualifications,1,0,0,0,0,0,0,0,0,0,0,0,0,0,0,1,0,0,0,0,0,0,0,0,0,0,0,0,0,0,0,0,0,0,0,0,0,0,0,0,0,0,0,0,0,1,0,0,1,0,0,0,1
0.45.48.15,7,2,5,227.39694,576.08691,701.64331,4,12,1,1,1,1,1,1,0,"0.Assemblers.Occupations not requiring qualifications.Managing directors, managers",1,0,0,0,0,0,0,0,0,0,0,0,0,0,0,1,0,0,0,0,0,0,0,0,0,0,0,0,0,0,0,0,0,0,0,0,0,0,0,0,0,0,0,0,0,1,0,0,1,0,0,0,1
0.46,20,7,13,,348.33371,421.43829,6,12.384615,1,,1,1,1,1,,0.Stationary machine operators,1,0,0,0,0,0,0,0,0,0,0,0,0,0,0,1,0,0,0,0,0,0,0,0,0,0,0,0,0,0,0,0,0,0,0,0,0,0,0,0,0,0,0,0,0,0,1,0,0,0,0,0,1
0.46.15,4,2,2,953.95343,412.94849,1033.4397,2.5,2,0,1,1,1,1,0,0,"0.Stationary machine operators.Managing directors, managers",1,0,0,0,0,0,0,0,0,0,0,0,0,0,0,1,0,0,0,0,0,0,0,0,0,0,0,0,0,0,0,0,0,0,0,0,0,0,0,0,0,0,0,0,0,0,1,0,0,0,0,0,1
0.47,29,1,28,,495.0705,392.54852,1,16.785715,1,,0,,0,1,,0.Drivers and mobile machinery operators,1,0,0,0,0,0,0,0,0,0,0,0,0,0,0,1,0,0,0,0,0,0,0,0,0,0,0,0,0,0,0,0,0,0,0,0,0,0,0,0,0,0,0,0,0,0,0,1,0,0,0,0,1
0.47.15,7,0,7,161.63203,,880.47937,,26.571428,1,1,,,,,0,"0.Drivers and mobile machinery operators.Managing directors, managers",1,0,0,0,0,0,0,0,0,0,0,0,0,0,0,1,0,0,0,0,0,0,0,0,0,0,0,0,0,0,0,0,0,0,0,0,0,0,0,0,0,0,0,0,0,0,0,1,0,0,0,0,1
0.48,843,292,551,,372.96606,369.65906,6.6541095,10.083485,1,,0,0,0,1,,0.Occupations not requiring qualifications,1,0,0,0,0,0,0,0,0,0,0,0,0,0,1,1,0,1,0,0,0,0,0,0,1,0,0,0,0,1,0,0,1,1,1,1,0,0,0,0,0,0,0,0,1,1,0,1,1,0,1,0,1
0.48.14,30,10,20,828.95294,533.75641,406.31305,4.8000002,3.6500001,1,1,0,0,0,0,0,"0.Occupations not requiring qualifications.Chief executives, senior officials and legislators",1,0,0,0,0,0,0,0,0,0,0,0,0,0,1,0,0,0,0,0,0,0,0,0,0,0,0,0,0,0,0,0,0,0,0,0,0,0,0,0,0,0,0,0,0,0,0,0,1,0,0,0,1
0.48.15,207,65,142,904.3385,687.37006,680.20374,12.8,14.654929,1,1,0,0,0,1,0,"0.Occupations not requiring qualifications.Managing directors, managers",1,0,0,0,0,0,0,0,0,0,0,0,0,0,0,1,0,0,0,0,0,0,0,0,0,0,0,0,0,0,0,0,0,0,0,0,0,0,0,0,0,0,0,0,0,0,0,0,1,0,0,0,1
0.48.17,10,0,10,4876.9912,,981.41309,,17.299999,1,1,,,,,,"0.Occupations not requiring qualifications.Technical, information technology, science related professionals",1,0,0,0,0,0,0,0,0,0,0,0,0,0,0,1,0,1,0,0,0,0,0,0,0,0,0,0,0,0,0,0,0,0,0,0,0,0,0,0,0,0,0,0,0,0,0,0,1,0,0,0,1
0.48.17.15,4,0,4,4151.2681,,1770.7445,,21.5,1,1,,,,,1,"0.Occupations not requiring qualifications.Technical, information technology, science related professionals.Managing directors, managers",1,0,0,0,0,0,0,0,0,0,0,0,0,0,0,1,0,1,0,0,0,0,0,0,0,0,0,0,0,0,0,0,0,0,0,0,0,0,0,0,0,0,0,0,0,0,0,0,1,0,0,0,1
0.48.24,25,3,22,1552.0704,576.87158,538.66052,18.333334,15.363636,1,1,0,0,0,0,,0.Occupations not requiring qualifications.Technicians and technical professionals,1,0,0,0,0,0,0,0,0,0,0,0,0,0,0,1,0,0,0,0,0,0,0,0,1,0,0,0,0,0,0,0,0,0,0,0,0,0,0,0,0,0,0,0,0,0,0,0,1,0,0,0,1
0.48.24.15,7,1,6,745.82959,1765.7034,1412.7711,5,18.5,1,1,0,,0,1,1,"0.Occupations not requiring qualifications.Technicians and technical professionals.Managing directors, managers",1,0,0,0,0,0,0,0,0,0,0,0,0,0,0,1,0,0,0,0,0,0,0,0,1,0,0,0,0,0,0,0,0,0,0,0,0,0,0,0,0,0,0,0,0,0,0,0,1,0,0,0,1
0.48.24.48,5,0,5,545.73584,,479.56351,,2.4000001,1,1,,,,,,0.Occupations not requiring qualifications.Technicians and technical professionals.Occupations not requiring qualifications,1,0,0,0,0,0,0,0,0,0,0,0,0,0,0,1,0,0,0,0,0,0,0,0,1,0,0,0,0,0,0,0,0,0,0,0,0,0,0,0,0,0,0,0,0,0,0,0,1,0,0,1,1
0.48.24.48.15,4,0,4,1182.6665,,811.30994,,12.25,1,1,,,,,0,"0.Occupations not requiring qualifications.Technicians and technical professionals.Occupations not requiring qualifications.Managing directors, managers",1,0,0,0,0,0,0,0,0,0,0,0,0,0,0,1,0,0,0,0,0,0,0,0,1,0,0,0,0,0,0,0,0,0,0,0,0,0,0,0,0,0,0,0,0,0,0,0,1,0,0,1,1
0.48.29,49,16,33,1825.2076,535.17041,630.54181,17.6875,23.424242,1,1,1,1,1,1,,"0.Occupations not requiring qualifications.Business related services administrators, agents",1,0,0,0,0,0,0,0,0,0,0,0,0,0,0,1,0,0,0,0,0,0,0,0,0,0,0,0,0,1,0,0,0,0,0,0,0,0,0,0,0,0,0,0,0,0,0,0,1,0,0,0,1
0.48.29.15,26,9,17,387.88562,873.98199,881.88287,21.888889,22.941177,1,1,1,1,0,1,0,"0.Occupations not requiring qualifications.Business related services administrators, agents.Managing directors, managers",1,0,0,0,0,0,0,0,0,0,0,0,0,0,0,1,0,0,0,0,0,0,0,0,0,0,0,0,0,1,0,0,0,0,0,0,0,0,0,0,0,0,0,0,0,0,0,0,1,0,0,0,1
0.48.32,26,8,18,2100.4602,584.25946,633.87408,5.75,11.277778,1,1,1,1,1,1,,0.Occupations not requiring qualifications.Office clerks,1,0,0,0,0,0,0,0,0,0,0,0,0,0,0,1,0,0,0,0,0,0,0,0,0,0,0,0,0,0,0,0,1,0,0,0,0,0,0,0,0,0,0,0,0,0,0,0,1,0,0,0,1
0.48.32.15,8,3,5,798.62988,1328.1914,1296.4229,5,21.200001,1,1,0,0,0,1,1,"0.Occupations not requiring qualifications.Office clerks.Managing directors, managers",1,0,0,0,0,0,0,0,0,0,0,0,0,0,0,1,0,0,0,0,0,0,0,0,0,0,0,0,0,0,0,0,1,0,0,0,0,0,0,0,0,0,0,0,0,0,0,0,1,0,0,0,1
0.48.33,38,23,15,1017.4707,582.13995,420.36731,20.565218,10.6,2,1,0,0,0,0,,0.Occupations not requiring qualifications.Customer services occupations,1,0,0,0,0,0,0,0,0,0,0,0,0,0,0,1,0,0,0,0,0,0,0,0,0,0,0,0,0,0,0,0,0,1,1,0,0,0,0,0,0,0,0,0,0,0,0,0,1,0,0,0,1
0.48.33.15,13,10,3,238.92154,987.75049,1426.8813,23,36,2,1,1,1,1,1,0,"0.Occupations not requiring qualifications.Customer services occupations.Managing directors, managers",1,0,0,0,0,0,0,0,0,0,0,0,0,0,0,1,0,0,0,0,0,0,0,0,0,0,0,0,0,0,0,0,0,1,0,0,0,0,0,0,0,0,0,0,0,0,0,0,1,0,0,0,1
0.48.33.34,11,8,3,85.978882,563.67175,554.03943,25.625,39.333332,2,1,0,0,0,1,,0.Occupations not requiring qualifications.Customer services occupations.Commercial and catering occupations,1,0,0,0,0,0,0,0,0,0,0,0,0,0,0,1,0,0,0,0,0,0,0,0,0,0,0,0,0,0,0,0,0,1,1,0,0,0,0,0,0,0,0,0,0,0,0,0,1,0,0,0,1
0.48.33.34.15,8,5,3,351.00751,912.14771,822.15887,8.1999998,5.6666665,2,1,0,0,0,0,0,"0.Occupations not requiring qualifications.Customer services occupations.Commercial and catering occupations.Managing directors, managers",1,0,0,0,0,0,0,0,0,0,0,0,0,0,0,1,0,0,0,0,0,0,0,0,0,0,0,0,0,0,0,0,0,1,1,0,0,0,0,0,0,0,0,0,0,0,0,0,1,0,0,0,1
0.48.34,233,126,107,937.3725,492.78375,505.93689,20.206348,17.448599,0,1,1,1,0,0,,0.Occupations not requiring qualifications.Commercial and catering occupations,1,0,0,0,0,0,0,0,0,0,0,0,0,0,0,1,0,0,0,0,0,0,0,0,0,0,0,0,0,1,0,0,0,1,1,0,0,0,0,0,0,0,0,0,0,0,0,0,1,0,0,0,1
0.48.34.15,116,62,54,307.79129,793.45581,838.61371,13.112904,16.611111,0,1,1,1,1,1,0,"0.Occupations not requiring qualifications.Commercial and catering occupations.Managing directors, managers",1,0,0,0,0,0,0,0,0,0,0,0,0,0,0,1,0,0,0,0,0,0,0,0,0,0,0,0,0,0,0,0,0,0,1,0,0,0,0,0,0,0,0,0,0,0,0,0,1,0,0,0,1
0.48.34.29,13,8,5,358.99323,452.59372,457.71756,14.25,19.6,2,1,1,1,0,1,,"0.Occupations not requiring qualifications.Commercial and catering occupations.Business related services administrators, agents",1,0,0,0,0,0,0,0,0,0,0,0,0,0,0,1,0,0,0,0,0,0,0,0,0,0,0,0,0,1,0,0,0,0,1,0,0,0,0,0,0,0,0,0,0,0,0,0,1,0,0,0,1
0.48.34.29.15,4,3,1,163.89595,764.31561,707.43542,26.666666,42,2,1,0,,0,1,0,"0.Occupations not requiring qualifications.Commercial and catering occupations.Business related services administrators, agents.Managing directors, managers",1,0,0,0,0,0,0,0,0,0,0,0,0,0,0,1,0,0,0,0,0,0,0,0,0,0,0,0,0,1,0,0,0,0,1,0,0,0,0,0,0,0,0,0,0,0,0,0,1,0,0,0,1
0.48.34.33,14,9,5,304.71494,436.77301,562.62714,15.111111,5.1999998,2,1,1,1,1,0,,0.Occupations not requiring qualifications.Commercial and catering occupations.Customer services occupations,1,0,0,0,0,0,0,0,0,0,0,0,0,0,0,1,0,0,0,0,0,0,0,0,0,0,0,0,0,0,0,0,0,1,1,0,0,0,0,0,0,0,0,0,0,0,0,0,1,0,0,0,1
0.48.34.33.15,5,2,3,1104.7642,623.1698,1926.6648,30,15,1,1,1,1,1,0,1,"0.Occupations not requiring qualifications.Commercial and catering occupations.Customer services occupations.Managing directors, managers",1,0,0,0,0,0,0,0,0,0,0,0,0,0,0,1,0,0,0,0,0,0,0,0,0,0,0,0,0,0,0,0,0,1,1,0,0,0,0,0,0,0,0,0,0,0,0,0,1,0,0,0,1
0.48.34.33.34,6,5,1,19.010342,524.966,452.19006,23.799999,6,2,1,0,,0,0,,0.Occupations not requiring qualifications.Commercial and catering occupations.Customer services occupations.Commercial and catering occupations,1,0,0,0,0,0,0,0,0,0,0,0,0,0,0,1,0,0,0,0,0,0,0,0,0,0,0,0,0,0,0,0,0,1,1,0,0,0,0,0,0,0,0,0,0,0,0,0,1,0,0,1,1
0.48.34.33.34.15,5,5,0,156.92245,795.74146,,14.4,,2,1,,,,,0,"0.Occupations not requiring qualifications.Commercial and catering occupations.Customer services occupations.Commercial and catering occupations.Managing directors, managers",1,0,0,0,0,0,0,0,0,0,0,0,0,0,0,1,0,0,0,0,0,0,0,0,0,0,0,0,0,0,0,0,0,1,1,0,0,0,0,0,0,0,0,0,0,0,0,0,1,0,0,1,1
0.48.34.48,47,28,19,6.0444179,462.96136,557.69806,8.9285717,13.421053,0,1,1,1,1,1,,0.Occupations not requiring qualifications.Commercial and catering occupations.Occupations not requiring qualifications,1,0,0,0,0,0,0,0,0,0,0,0,0,0,0,1,0,0,0,0,0,0,0,0,0,0,0,0,0,0,0,0,0,0,1,0,0,0,0,0,0,0,0,0,0,0,0,0,1,0,0,1,1
0.48.34.48.15,14,9,5,685.13159,871.96143,745.48407,17.888889,26.6,2,1,0,0,0,1,0,"0.Occupations not requiring qualifications.Commercial and catering occupations.Occupations not requiring qualifications.Managing directors, managers",1,0,0,0,0,0,0,0,0,0,0,0,0,0,0,1,0,0,0,0,0,0,0,0,0,0,0,0,0,0,0,0,0,0,1,0,0,0,0,0,0,0,0,0,0,0,0,0,1,0,0,1,1
0.48.34.48.34,24,15,9,-1040.7577,559.65948,527.09021,13.533334,10.666667,2,0,0,0,0,0,,0.Occupations not requiring qualifications.Commercial and catering occupations.Occupations not requiring qualifications.Commercial and catering occupations,1,0,0,0,0,0,0,0,0,0,0,0,0,0,0,1,0,0,0,0,0,0,0,0,0,0,0,0,0,0,0,0,0,0,1,0,0,0,0,0,0,0,0,0,0,0,0,0,1,0,0,2,1
0.48.34.48.34.15,13,9,4,168.41116,815.5144,760.19836,12.555555,6.75,2,1,0,0,0,0,0,"0.Occupations not requiring qualifications.Commercial and catering occupations.Occupations not requiring qualifications.Commercial and catering occupations.Managing directors, managers",1,0,0,0,0,0,0,0,0,0,0,0,0,0,0,1,0,0,0,0,0,0,0,0,0,0,0,0,0,0,0,0,0,0,1,0,0,0,0,0,0,0,0,0,0,0,0,0,1,0,0,2,1
0.48.35,23,4,19,395.99158,326.67227,465.31415,9,15.526316,1,1,1,1,1,1,,0.Occupations not requiring qualifications.Service workers,1,0,0,0,0,0,0,0,0,0,0,0,0,0,0,1,0,0,0,0,0,0,0,0,0,0,0,0,0,0,0,0,0,0,0,1,0,0,0,0,0,0,0,0,0,0,0,0,1,0,0,0,1
0.48.35.15,8,0,8,178.19583,,526.16833,,10.125,1,1,,,,,0,"0.Occupations not requiring qualifications.Service workers.Managing directors, managers",1,0,0,0,0,0,0,0,0,0,0,0,0,0,0,1,0,0,0,0,0,0,0,0,0,0,0,0,0,0,0,0,0,0,0,1,0,0,0,0,0,0,0,0,0,0,0,0,1,0,0,0,1
0.48.44,24,5,19,960.07343,344.06323,473.92087,2,13.157895,1,1,1,1,1,1,,0.Occupations not requiring qualifications.Manufacturing machine operators,1,0,0,0,0,0,0,0,0,0,0,0,0,0,0,1,0,0,0,0,0,0,0,0,0,0,0,0,0,0,0,0,0,0,0,0,0,0,0,0,0,0,0,0,1,0,0,0,1,0,0,0,1
0.48.44.15,6,1,5,90.516441,383.72177,672.90552,1,3.5999999,1,1,1,,1,1,0,"0.Occupations not requiring qualifications.Manufacturing machine operators.Managing directors, managers",1,0,0,0,0,0,0,0,0,0,0,0,0,0,0,1,0,0,0,0,0,0,0,0,0,0,0,0,0,0,0,0,0,0,0,0,0,0,0,0,0,0,0,0,1,0,0,0,1,0,0,0,1
0.48.45,28,10,18,726.60724,464.79321,493.86823,17.5,8.7222223,1,1,1,1,1,0,,0.Occupations not requiring qualifications.Assemblers,1,0,0,0,0,0,0,0,0,0,0,0,0,0,0,1,0,0,0,0,0,0,0,0,0,0,0,0,0,0,0,0,0,0,0,0,0,0,0,0,0,0,0,0,0,1,0,0,1,0,0,0,1
0.48.45.15,6,1,5,2915.7419,1410.6046,1042.9242,7,10.4,1,1,0,,0,1,0,"0.Occupations not requiring qualifications.Assemblers.Managing directors, managers",1,0,0,0,0,0,0,0,0,0,0,0,0,0,0,1,0,0,0,0,0,0,0,0,0,0,0,0,0,0,0,0,0,0,0,0,0,0,0,0,0,0,0,0,0,1,0,0,1,0,0,0,1
0.48.47,21,1,20,228.50433,282.16531,555.49103,1,19.299999,1,1,1,,1,1,,0.Occupations not requiring qualifications.Drivers and mobile machinery operators,1,0,0,0,0,0,0,0,0,0,0,0,0,0,0,1,0,0,0,0,0,0,0,0,0,0,0,0,0,0,0,0,0,0,0,0,0,0,0,0,0,0,0,0,0,0,0,1,1,0,0,0,1
0.48.47.15,6,0,6,207.36601,,886.12048,,16.5,1,1,,,,,0,"0.Occupations not requiring qualifications.Drivers and mobile machinery operators.Managing directors, managers",1,0,0,0,0,0,0,0,0,0,0,0,0,0,0,1,0,0,0,0,0,0,0,0,0,0,0,0,0,0,0,0,0,0,0,0,0,0,0,0,0,0,0,0,0,0,0,1,1,0,0,0,1
0.48.50,12,0,12,-302.18784,,373.72333,,12.166667,1,0,,,,,,0.Occupations not requiring qualifications.Entrepreneur,1,0,0,0,0,0,0,0,0,0,0,0,0,0,0,1,0,0,0,0,0,0,0,0,0,0,0,0,0,0,0,0,0,0,0,0,0,0,0,0,0,0,0,0,0,0,0,0,1,0,1,0,1
0.48.50.15,5,0,5,296.39136,,875.30389,,7.5999999,1,1,,,,,0,"0.Occupations not requiring qualifications.Entrepreneur.Managing directors, managers",1,0,0,0,0,0,0,0,0,0,0,0,0,0,0,1,0,0,0,0,0,0,0,0,0,0,0,0,0,0,0,0,0,0,0,0,0,0,0,0,0,0,0,0,0,0,0,0,1,0,1,0,1
0.50,45,16,29,,305.1976,356.37833,11.125,16.586206,1,,1,1,1,1,,0.Entrepreneur,1,0,0,0,0,0,0,0,0,0,0,0,0,0,0,1,0,0,0,0,0,0,0,0,0,0,0,0,0,0,0,0,0,0,0,0,0,0,0,0,0,0,0,0,0,0,0,0,0,0,1,0,1
0.50.15,10,2,8,421.18777,455.76935,809.30219,3.5,53.125,1,1,1,1,1,1,0,"0.Entrepreneur.Managing directors, managers",1,0,0,0,0,0,0,0,0,0,0,0,0,0,0,1,0,0,0,0,0,0,0,0,0,0,0,0,0,0,0,0,0,0,0,0,0,0,0,0,0,0,0,0,0,0,0,0,0,0,1,0,1
