id,value,nok,ffiak,wage_dif,mean_wage_fem,mean_wage_male,noi_honap,ffi_honap,gender_dom,relevant_wagedif_norm,wage_sign,wagegap,wagegap_wlimit,wagegap2,wagegap_controlled,wagegap_controlled_wlimit,tenure_dif,manag_av,id_labels,occ_0,occ_1,occ_2,occ_3,occ_4,occ_5,occ_6,occ_7,occ_8,occ_9,occ_10,occ_11,occ_12,occ_13,occ_14,occ_15,occ_16,occ_17,occ_18,occ_19,occ_20,occ_21,occ_22,occ_23,occ_24,occ_25,occ_26,occ_27,occ_28,occ_29,occ_30,occ_31,occ_32,occ_33,occ_34,occ_35,occ_36,occ_37,occ_38,occ_39,occ_40,occ_41,occ_42,occ_43,occ_44,occ_45,occ_46,occ_47,occ_48,occ_49,occ_50,hany_ism,occ_51
0,3834,,,,,,,,,,,,,,,,,,0,1,1,1,1,1,1,1,1,1,1,1,1,1,1,1,1,1,1,1,1,1,1,1,1,1,1,1,1,1,1,1,1,1,1,1,1,1,1,1,1,1,1,1,1,1,1,1,1,1,1,1,0,1
0.14,41,19,22,,50876.738,85876.438,2.7894738,5.9545455,0,,,1,1,1,1,1,1,0,"0.Chief executives, senior officials and legislators",1,0,0,0,0,0,0,0,0,0,0,0,0,0,1,0,0,0,0,0,0,0,0,0,0,0,0,0,0,0,0,0,0,0,0,0,0,0,0,0,0,0,0,0,0,0,0,0,0,0,0,0,1
0.15,302,143,159,,99959.57,135122.02,7.090909,14.584906,0,,,1,1,1,1,1,1,0,"0.Managing directors, managers",1,0,0,0,0,0,0,0,0,0,0,0,0,0,0,1,0,0,0,0,0,0,0,0,0,0,0,0,0,0,0,0,0,0,0,0,0,0,0,0,0,0,0,0,0,0,0,0,0,0,0,0,1
0.16,11,4,7,,134887,142632.38,14.75,17,1,,,1,1,1,,,1,,0.Supervisors,1,0,0,0,0,0,0,0,0,0,0,0,0,0,0,1,1,0,0,0,0,0,0,0,0,0,0,0,0,0,0,0,0,0,0,0,0,0,0,0,0,0,0,0,0,0,0,0,0,0,0,0,1
0.16.15,8,4,4,58971.289,144495.13,260768.13,21.5,20.5,0,0,1,1,1,1,1,1,0,0,"0.Supervisors.Managing directors, managers",1,0,0,0,0,0,0,0,0,0,0,0,0,0,0,1,1,0,0,0,0,0,0,0,0,0,0,0,0,0,0,0,0,0,0,0,0,0,0,0,0,0,0,0,0,0,0,0,0,0,0,0,1
0.17,19,3,16,,267285.16,183446.2,37,21.9375,1,,,0,0,0,0,0,0,,"0.Technical, information technology, science related professionals",1,0,0,0,0,0,0,0,0,0,0,0,0,0,0,1,0,1,0,0,0,0,0,0,0,0,0,0,0,0,0,0,0,0,0,0,0,0,0,0,0,0,0,0,0,0,0,0,0,0,0,0,1
0.17.15,7,1,6,48080.609,540527.69,480293.16,9,15.166667,1,0,1,0,,0,0,,1,1,"0.Technical, information technology, science related professionals.Managing directors, managers",1,0,0,0,0,0,0,0,0,0,0,0,0,0,0,1,0,1,0,0,0,0,0,0,0,0,0,0,0,0,0,0,0,0,0,0,0,0,0,0,0,0,0,0,0,0,0,0,0,0,0,0,1
0.21,21,10,11,,219644.48,97072.219,19.6,10.363636,0,,,0,0,0,0,0,0,,"0.Business type, legal and social sciences professionals",1,0,0,0,0,0,0,0,0,0,0,0,0,0,0,1,0,0,0,0,0,1,0,0,0,0,0,0,0,0,0,0,0,0,0,0,0,0,0,0,0,0,0,0,0,0,0,0,0,0,0,0,1
0.21.15,9,7,2,202701.28,624040.06,255500,23.142857,3.5,2,1,1,0,0,0,0,0,0,1,"0.Business type, legal and social sciences professionals.Managing directors, managers",1,0,0,0,0,0,0,0,0,0,0,0,0,0,0,1,0,0,0,0,0,1,0,0,0,0,0,0,0,0,0,0,0,0,0,0,0,0,0,0,0,0,0,0,0,0,0,0,0,0,0,0,1
0.24,51,14,37,,77787.906,113928.77,9.6428576,15.621622,1,,,1,1,1,1,1,1,,0.Technicians and technical professionals,1,0,0,0,0,0,0,0,0,0,0,0,0,0,0,1,0,1,0,0,0,0,0,0,1,0,0,0,0,0,0,0,0,0,0,0,0,0,0,0,0,0,0,0,0,0,0,0,0,0,0,0,1
0.24.15,12,2,10,353404.66,80304.5,343898.06,4.5,15.2,1,1,1,1,1,1,1,1,1,1,"0.Technicians and technical professionals.Managing directors, managers",1,0,0,0,0,0,0,0,0,0,0,0,0,0,0,1,0,0,0,0,0,0,0,0,1,0,0,0,0,0,0,0,0,0,0,0,0,0,0,0,0,0,0,0,0,0,0,0,0,0,0,0,1
0.24.17,4,0,4,998838.06,,339311.69,,30.25,1,1,1,,,,,,,,"0.Technicians and technical professionals.Technical, information technology, science related professionals",1,0,0,0,0,0,0,0,0,0,0,0,0,0,0,1,0,1,0,0,0,0,0,0,1,0,0,0,0,0,0,0,0,0,0,0,0,0,0,0,0,0,0,0,0,0,0,0,0,0,0,0,1
0.24.17.15,4,0,4,128559.84,,585639.63,,24.75,1,0,1,,,,,,,1,"0.Technicians and technical professionals.Technical, information technology, science related professionals.Managing directors, managers",1,0,0,0,0,0,0,0,0,0,0,0,0,0,0,1,0,1,0,0,0,0,0,0,1,0,0,0,0,0,0,0,0,0,0,0,0,0,0,0,0,0,0,0,0,0,0,0,0,0,0,0,1
0.28,12,8,4,,87712.617,69082.195,13.5,6.75,2,,,0,0,0,0,0,0,,"0.Social health care, labour market services professionals",1,0,0,0,0,0,0,0,0,0,0,0,0,0,0,1,0,0,0,0,0,0,0,0,0,0,0,0,1,0,0,0,0,0,1,0,0,0,0,0,0,0,0,0,0,0,0,0,0,0,0,0,1
0.28.34,5,3,2,259942.53,80939.617,124129.72,50,28,0,1,1,1,1,1,1,1,0,,"0.Social health care, labour market services professionals.Commercial and catering occupations",1,0,0,0,0,0,0,0,0,0,0,0,0,0,0,1,0,0,0,0,0,0,0,0,0,0,0,0,1,0,0,0,0,0,1,0,0,0,0,0,0,0,0,0,0,0,0,0,0,0,0,0,1
0.28.34.15,4,2,2,36776.563,264835.84,202950.58,30,4.5,0,0,1,0,0,0,1,1,0,0,"0.Social health care, labour market services professionals.Commercial and catering occupations.Managing directors, managers",1,0,0,0,0,0,0,0,0,0,0,0,0,0,0,1,0,0,0,0,0,0,0,0,0,0,0,0,1,0,0,0,0,0,1,0,0,0,0,0,0,0,0,0,0,0,0,0,0,0,0,0,1
0.29,147,86,61,,91128.367,84471.859,18.325581,14.491803,0,,,0,0,0,1,1,0,,"0.Business related services administrators, agents",1,0,0,0,0,0,0,0,0,0,0,0,0,0,0,1,0,0,0,0,0,1,0,0,0,0,0,0,0,1,0,0,0,1,1,0,0,0,0,0,0,0,0,0,0,0,0,0,1,0,0,0,1
0.29.15,34,19,15,93302.617,213926.91,220493.55,14.157895,15.266666,0,0,1,1,1,0,1,1,1,0,"0.Business related services administrators, agents.Managing directors, managers",1,0,0,0,0,0,0,0,0,0,0,0,0,0,0,1,0,0,0,0,0,0,0,0,0,0,0,0,0,1,0,0,0,0,0,0,0,0,0,0,0,0,0,0,0,0,0,0,0,0,0,0,1
0.29.21,10,4,6,539626.06,211498.28,176146.5,13.25,18,1,1,1,0,0,0,0,0,1,,"0.Business related services administrators, agents.Business type, legal and social sciences professionals",1,0,0,0,0,0,0,0,0,0,0,0,0,0,0,1,0,0,0,0,0,1,0,0,0,0,0,0,0,1,0,0,0,0,0,0,0,0,0,0,0,0,0,0,0,0,0,0,0,0,0,0,1
0.29.21.15,4,2,2,76756.602,462641.47,604212.13,15,12,0,0,1,1,1,1,1,1,0,1,"0.Business related services administrators, agents.Business type, legal and social sciences professionals.Managing directors, managers",1,0,0,0,0,0,0,0,0,0,0,0,0,0,0,1,0,0,0,0,0,1,0,0,0,0,0,0,0,1,0,0,0,0,0,0,0,0,0,0,0,0,0,0,0,0,0,0,0,0,0,0,1
0.29.33,22,15,7,101831.28,109197.76,112980.92,21.933332,14.142858,2,0,1,1,1,0,1,1,0,,"0.Business related services administrators, agents.Customer services occupations",1,0,0,0,0,0,0,0,0,0,0,0,0,0,0,1,0,0,0,0,0,0,0,0,0,0,0,0,0,1,0,0,0,1,1,0,0,0,0,0,0,0,0,0,0,0,0,0,0,0,0,0,1
0.29.33.15,10,6,4,37179.926,218505.84,152336.09,18.5,29.25,0,0,1,0,0,0,0,0,1,0,"0.Business related services administrators, agents.Customer services occupations.Managing directors, managers",1,0,0,0,0,0,0,0,0,0,0,0,0,0,0,1,0,0,0,0,0,0,0,0,0,0,0,0,0,1,0,0,0,1,0,0,0,0,0,0,0,0,0,0,0,0,0,0,0,0,0,0,1
0.29.33.34,5,4,1,-47483.805,84949.875,55894,10.25,1,2,0,0,0,,0,0,,0,,"0.Business related services administrators, agents.Customer services occupations.Commercial and catering occupations",1,0,0,0,0,0,0,0,0,0,0,0,0,0,0,1,0,0,0,0,0,0,0,0,0,0,0,0,0,1,0,0,0,1,1,0,0,0,0,0,0,0,0,0,0,0,0,0,0,0,0,0,1
0.29.33.34.15,4,3,1,310646.69,129683.48,141755,13,2,2,1,1,1,,1,1,,0,0,"0.Business related services administrators, agents.Customer services occupations.Commercial and catering occupations.Managing directors, managers",1,0,0,0,0,0,0,0,0,0,0,0,0,0,0,1,0,0,0,0,0,0,0,0,0,0,0,0,0,1,0,0,0,1,1,0,0,0,0,0,0,0,0,0,0,0,0,0,0,0,0,0,1
0.29.34,28,18,10,228082.39,96468.938,95064.93,15.722222,21.1,2,1,1,0,0,0,0,0,1,,"0.Business related services administrators, agents.Commercial and catering occupations",1,0,0,0,0,0,0,0,0,0,0,0,0,0,0,1,0,0,0,0,0,0,0,0,0,0,0,0,0,1,0,0,0,0,1,0,0,0,0,0,0,0,0,0,0,0,0,0,0,0,0,0,1
0.29.34.15,14,10,4,74995.336,215181,263697.75,12.7,5,2,0,1,1,1,1,1,1,0,0,"0.Business related services administrators, agents.Commercial and catering occupations.Managing directors, managers",1,0,0,0,0,0,0,0,0,0,0,0,0,0,0,1,0,0,0,0,0,0,0,0,0,0,0,0,0,1,0,0,0,0,1,0,0,0,0,0,0,0,0,0,0,0,0,0,0,0,0,0,1
0.29.48,11,7,4,148192.05,65923.82,53228.695,11,8.25,2,0,1,0,0,0,0,0,0,,"0.Business related services administrators, agents.Occupations not requiring qualifications",1,0,0,0,0,0,0,0,0,0,0,0,0,0,0,1,0,0,0,0,0,0,0,0,0,0,0,0,0,1,0,0,0,0,1,0,0,0,0,0,0,0,0,0,0,0,0,0,1,0,0,0,1
0.29.48.34,6,4,2,399961.44,140716.84,127026.38,28.5,21,2,1,1,0,0,0,0,0,0,,"0.Business related services administrators, agents.Occupations not requiring qualifications.Commercial and catering occupations",1,0,0,0,0,0,0,0,0,0,0,0,0,0,0,1,0,0,0,0,0,0,0,0,0,0,0,0,0,1,0,0,0,0,1,0,0,0,0,0,0,0,0,0,0,0,0,0,1,0,0,0,1
0.29.48.34.15,4,3,1,40465.328,311350.25,177966.25,16,12,2,0,1,0,,0,1,,0,1,"0.Business related services administrators, agents.Occupations not requiring qualifications.Commercial and catering occupations.Managing directors, managers",1,0,0,0,0,0,0,0,0,0,0,0,0,0,0,1,0,0,0,0,0,0,0,0,0,0,0,0,0,1,0,0,0,0,1,0,0,0,0,0,0,0,0,0,0,0,0,0,1,0,0,0,1
0.31,45,22,23,,69415.281,76483.609,14.318182,12.086957,0,,,1,1,1,1,1,0,,0.Other administrators,1,0,0,0,0,0,0,0,0,0,0,0,0,0,0,1,0,0,0,0,0,0,0,0,0,0,0,0,0,0,0,1,0,0,1,0,0,0,0,0,0,0,0,0,0,0,0,0,1,0,0,0,1
0.31.15,8,3,5,35513.559,233242.48,155635.58,35.666668,31.6,1,0,1,0,0,0,0,0,0,0,"0.Other administrators.Managing directors, managers",1,0,0,0,0,0,0,0,0,0,0,0,0,0,0,1,0,0,0,0,0,0,0,0,0,0,0,0,0,0,0,1,0,0,0,0,0,0,0,0,0,0,0,0,0,0,0,0,0,0,0,0,1
0.31.34,9,6,3,88171.633,76099.313,136836.33,17.5,22.333334,2,0,1,1,1,1,1,1,1,,0.Other administrators.Commercial and catering occupations,1,0,0,0,0,0,0,0,0,0,0,0,0,0,0,1,0,0,0,0,0,0,0,0,0,0,0,0,0,0,0,1,0,0,1,0,0,0,0,0,0,0,0,0,0,0,0,0,0,0,0,0,1
0.31.34.15,6,3,3,109281.12,125423.59,193966.94,6.3333335,10.666667,0,0,1,1,1,1,1,1,1,0,"0.Other administrators.Commercial and catering occupations.Managing directors, managers",1,0,0,0,0,0,0,0,0,0,0,0,0,0,0,1,0,0,0,0,0,0,0,0,0,0,0,0,0,0,0,1,0,0,1,0,0,0,0,0,0,0,0,0,0,0,0,0,0,0,0,0,1
0.31.48,8,3,5,129841.97,91454.234,90031.563,12.333333,3.5999999,1,0,1,0,0,0,0,0,0,,0.Other administrators.Occupations not requiring qualifications,1,0,0,0,0,0,0,0,0,0,0,0,0,0,0,1,0,0,0,0,0,0,0,0,0,0,0,0,0,0,0,1,0,0,0,0,0,0,0,0,0,0,0,0,0,0,0,0,1,0,0,0,1
0.31.48.15,5,2,3,63779.523,161577.63,120880.64,13,10.333333,1,0,1,0,0,0,1,1,0,0,"0.Other administrators.Occupations not requiring qualifications.Managing directors, managers",1,0,0,0,0,0,0,0,0,0,0,0,0,0,0,1,0,0,0,0,0,0,0,0,0,0,0,0,0,0,0,1,0,0,0,0,0,0,0,0,0,0,0,0,0,0,0,0,1,0,0,0,1
0.32,144,92,52,,69933.875,80336.781,9.086957,11.538462,2,,,1,1,1,1,1,1,,0.Office clerks,1,0,0,0,0,0,0,0,0,0,0,0,0,0,0,1,0,0,0,0,0,0,0,0,0,0,0,0,0,1,0,0,1,0,1,0,0,0,0,0,0,0,0,0,0,0,0,0,1,0,0,0,1
0.32.15,29,15,14,204348.17,122812.59,192710.44,22.733334,25.428572,0,1,1,1,1,1,1,1,1,0,"0.Office clerks.Managing directors, managers",1,0,0,0,0,0,0,0,0,0,0,0,0,0,0,1,0,0,0,0,0,0,0,0,0,0,0,0,0,0,0,0,1,0,0,0,0,0,0,0,0,0,0,0,0,0,0,0,0,0,0,0,1
0.32.29,15,13,2,509936.09,166499.48,186559.41,21.307692,18.5,2,1,1,1,1,1,0,0,0,,"0.Office clerks.Business related services administrators, agents",1,0,0,0,0,0,0,0,0,0,0,0,0,0,0,1,0,0,0,0,0,0,0,0,0,0,0,0,0,1,0,0,1,0,0,0,0,0,0,0,0,0,0,0,0,0,0,0,0,0,0,0,1
0.32.29.15,8,7,1,227326.41,329783.56,172000,7.2857141,1,2,1,1,0,,0,0,,0,1,"0.Office clerks.Business related services administrators, agents.Managing directors, managers",1,0,0,0,0,0,0,0,0,0,0,0,0,0,0,1,0,0,0,0,0,0,0,0,0,0,0,0,0,1,0,0,1,0,0,0,0,0,0,0,0,0,0,0,0,0,0,0,0,0,0,0,1
0.32.34,29,25,4,274766.34,107978.49,106842.22,20.040001,9,2,1,1,0,0,0,1,1,0,,0.Office clerks.Commercial and catering occupations,1,0,0,0,0,0,0,0,0,0,0,0,0,0,0,1,0,0,0,0,0,0,0,0,0,0,0,0,0,0,0,0,1,0,1,0,0,0,0,0,0,0,0,0,0,0,0,0,0,0,0,0,1
0.32.34.15,15,15,0,260897.83,276717.53,,16.799999,,2,1,1,,,,,,,1,"0.Office clerks.Commercial and catering occupations.Managing directors, managers",1,0,0,0,0,0,0,0,0,0,0,0,0,0,0,1,0,0,0,0,0,0,0,0,0,0,0,0,0,0,0,0,1,0,1,0,0,0,0,0,0,0,0,0,0,0,0,0,0,0,0,0,1
0.32.48,15,9,6,28544.422,69726.68,90680.031,5.2222223,15,0,0,1,1,1,1,1,1,1,,0.Office clerks.Occupations not requiring qualifications,1,0,0,0,0,0,0,0,0,0,0,0,0,0,0,1,0,0,0,0,0,0,0,0,0,0,0,0,0,0,0,0,1,0,0,0,0,0,0,0,0,0,0,0,0,0,0,0,1,0,0,0,1
0.32.48.15,6,2,4,248342.09,120098.7,243764.94,3,26.25,1,1,1,1,1,1,1,1,1,0,"0.Office clerks.Occupations not requiring qualifications.Managing directors, managers",1,0,0,0,0,0,0,0,0,0,0,0,0,0,0,1,0,0,0,0,0,0,0,0,0,0,0,0,0,0,0,0,1,0,0,0,0,0,0,0,0,0,0,0,0,0,0,0,1,0,0,0,1
0.33,140,114,26,,80212.836,77700.625,15.666667,14.346154,2,,,0,0,0,1,1,0,,0.Customer services occupations,1,0,0,0,0,0,0,0,0,0,0,0,0,0,0,1,0,0,0,0,0,0,0,0,0,0,0,0,0,1,0,0,0,1,1,0,0,0,0,0,0,0,0,0,0,0,0,0,1,0,0,0,1
0.33.15,19,17,2,161974.56,156888.36,200317.8,7.2941175,65,2,1,1,1,1,1,1,1,1,0,"0.Customer services occupations.Managing directors, managers",1,0,0,0,0,0,0,0,0,0,0,0,0,0,0,1,0,0,0,0,0,0,0,0,0,0,0,0,0,0,0,0,0,1,0,0,0,0,0,0,0,0,0,0,0,0,0,0,0,0,0,0,1
0.33.29,12,11,1,210002.84,127578.43,32869.5,12.363636,2,2,1,1,0,,0,0,,0,,"0.Customer services occupations.Business related services administrators, agents",1,0,0,0,0,0,0,0,0,0,0,0,0,0,0,1,0,0,0,0,0,0,0,0,0,0,0,0,0,1,0,0,0,1,0,0,0,0,0,0,0,0,0,0,0,0,0,0,0,0,0,0,1
0.33.29.15,6,6,0,71972.094,206097.69,,13.666667,,2,0,1,,,,,,,0,"0.Customer services occupations.Business related services administrators, agents.Managing directors, managers",1,0,0,0,0,0,0,0,0,0,0,0,0,0,0,1,0,0,0,0,0,0,0,0,0,0,0,0,0,1,0,0,0,1,0,0,0,0,0,0,0,0,0,0,0,0,0,0,0,0,0,0,1
0.33.34,69,57,12,70033,99670.883,108357.76,12.561403,14.083333,2,0,1,1,1,1,1,1,1,,0.Customer services occupations.Commercial and catering occupations,1,0,0,0,0,0,0,0,0,0,0,0,0,0,0,1,0,0,0,0,0,0,0,0,0,0,0,0,0,0,0,0,0,1,1,0,0,0,0,0,0,0,0,0,0,0,0,0,0,0,0,0,1
0.33.34.15,36,33,3,86492,167493.11,265662.81,19.030304,26,2,0,1,1,1,1,1,1,1,0,"0.Customer services occupations.Commercial and catering occupations.Managing directors, managers",1,0,0,0,0,0,0,0,0,0,0,0,0,0,0,1,0,0,0,0,0,0,0,0,0,0,0,0,0,0,0,0,0,1,1,0,0,0,0,0,0,0,0,0,0,0,0,0,0,0,0,0,1
0.33.48,10,5,5,-18600.678,96547.898,99006.82,6,11,0,0,0,1,1,0,0,0,1,,0.Customer services occupations.Occupations not requiring qualifications,1,0,0,0,0,0,0,0,0,0,0,0,0,0,0,1,0,0,0,0,0,0,0,0,0,0,0,0,0,0,0,0,0,1,1,0,0,0,0,0,0,0,0,0,0,0,0,0,1,0,0,0,1
0.33.48.15,4,2,2,263550.53,159892.88,149407.41,36,5,0,1,1,0,0,0,0,0,0,0,"0.Customer services occupations.Occupations not requiring qualifications.Managing directors, managers",1,0,0,0,0,0,0,0,0,0,0,0,0,0,0,1,0,0,0,0,0,0,0,0,0,0,0,0,0,0,0,0,0,1,0,0,0,0,0,0,0,0,0,0,0,0,0,0,1,0,0,0,1
0.33.48.34,4,2,2,167791.22,143919.59,165560.03,59.5,17.5,0,1,1,1,1,1,0,0,0,,0.Customer services occupations.Occupations not requiring qualifications.Commercial and catering occupations,1,0,0,0,0,0,0,0,0,0,0,0,0,0,0,1,0,0,0,0,0,0,0,0,0,0,0,0,0,0,0,0,0,1,1,0,0,0,0,0,0,0,0,0,0,0,0,0,1,0,0,0,1
0.33.48.34.15,4,2,2,58454.176,234919.66,266254.72,2.5,20.5,0,0,1,1,1,1,0,0,1,0,"0.Customer services occupations.Occupations not requiring qualifications.Commercial and catering occupations.Managing directors, managers",1,0,0,0,0,0,0,0,0,0,0,0,0,0,0,1,0,0,0,0,0,0,0,0,0,0,0,0,0,0,0,0,0,1,1,0,0,0,0,0,0,0,0,0,0,0,0,0,1,0,0,0,1
0.34,1213,734,479,,76924.016,82880.734,23.745232,22.112736,2,,,1,1,1,1,1,0,,0.Commercial and catering occupations,1,0,0,0,0,0,0,0,0,0,0,0,0,0,1,1,1,1,0,0,0,1,0,0,0,0,0,0,0,1,0,1,1,1,1,1,0,0,0,0,0,0,0,0,0,0,0,0,1,0,1,0,1
0.34.14,10,6,4,122002.79,136565.23,144491.23,13.166667,7.5,0,0,1,1,1,1,1,1,0,0,"0.Commercial and catering occupations.Chief executives, senior officials and legislators",1,0,0,0,0,0,0,0,0,0,0,0,0,0,1,0,0,0,0,0,0,0,0,0,0,0,0,0,0,0,0,0,0,0,1,0,0,0,0,0,0,0,0,0,0,0,0,0,0,0,0,0,1
0.34.15,542,339,203,108550.17,159033,180638.47,14.601769,16.876848,2,0,1,1,1,1,1,1,1,0,"0.Commercial and catering occupations.Managing directors, managers",1,0,0,0,0,0,0,0,0,0,0,0,0,0,0,1,0,0,0,0,0,0,0,0,0,0,0,0,0,0,0,0,0,0,1,0,0,0,0,0,0,0,0,0,0,0,0,0,0,0,0,0,1
0.34.16,27,16,11,18034.338,161357.52,137192.47,18.0625,25.727272,0,0,1,0,0,0,,,1,,0.Commercial and catering occupations.Supervisors,1,0,0,0,0,0,0,0,0,0,0,0,0,0,0,1,1,0,0,0,0,0,0,0,0,0,0,0,0,0,0,0,0,0,1,0,0,0,0,0,0,0,0,0,0,0,0,0,0,0,0,0,1
0.34.16.15,24,15,9,24946.994,195298.88,186931.88,32.333332,28.222221,2,0,1,0,0,0,0,0,0,0,"0.Commercial and catering occupations.Supervisors.Managing directors, managers",1,0,0,0,0,0,0,0,0,0,0,0,0,0,0,1,1,0,0,0,0,0,0,0,0,0,0,0,0,0,0,0,0,0,1,0,0,0,0,0,0,0,0,0,0,0,0,0,0,0,0,0,1
0.34.17,6,2,4,751228.25,183497.06,226660.75,9.5,21.75,1,1,1,1,1,1,0,0,1,,"0.Commercial and catering occupations.Technical, information technology, science related professionals",1,0,0,0,0,0,0,0,0,0,0,0,0,0,0,1,0,1,0,0,0,0,0,0,0,0,0,0,0,0,0,0,0,0,1,0,0,0,0,0,0,0,0,0,0,0,0,0,0,0,0,0,1
0.34.17.15,5,1,4,1292415.6,137659.98,413847.66,50,20,1,1,1,1,,1,1,,0,1,"0.Commercial and catering occupations.Technical, information technology, science related professionals.Managing directors, managers",1,0,0,0,0,0,0,0,0,0,0,0,0,0,0,1,0,1,0,0,0,0,0,0,0,0,0,0,0,0,0,0,0,0,1,0,0,0,0,0,0,0,0,0,0,0,0,0,0,0,0,0,1
0.34.21,9,4,5,800357.25,187546.61,186760,23.75,20.799999,0,1,1,0,0,0,1,1,0,,"0.Commercial and catering occupations.Business type, legal and social sciences professionals",1,0,0,0,0,0,0,0,0,0,0,0,0,0,0,1,0,0,0,0,0,1,0,0,0,0,0,0,0,0,0,0,0,0,1,0,0,0,0,0,0,0,0,0,0,0,0,0,0,0,0,0,1
0.34.21.15,5,2,3,67494.844,449999.5,280438.63,7,11.666667,1,0,1,0,0,0,0,0,1,1,"0.Commercial and catering occupations.Business type, legal and social sciences professionals.Managing directors, managers",1,0,0,0,0,0,0,0,0,0,0,0,0,0,0,1,0,0,0,0,0,1,0,0,0,0,0,0,0,0,0,0,0,0,1,0,0,0,0,0,0,0,0,0,0,0,0,0,0,0,0,0,1
0.34.29,79,49,30,210191.77,110893.09,123331.98,15.714286,18.333334,2,1,1,1,1,1,0,0,1,,"0.Commercial and catering occupations.Business related services administrators, agents",1,0,0,0,0,0,0,0,0,0,0,0,0,0,0,1,0,0,0,0,0,0,0,0,0,0,0,0,0,1,0,0,0,1,1,0,0,0,0,0,0,0,0,0,0,0,0,0,0,0,0,0,1
0.34.29.15,35,18,17,76641.859,253027.72,171521.3,16.333334,8.8235292,0,0,1,0,0,0,0,0,0,0,"0.Commercial and catering occupations.Business related services administrators, agents.Managing directors, managers",1,0,0,0,0,0,0,0,0,0,0,0,0,0,0,1,0,0,0,0,0,0,0,0,0,0,0,0,0,1,0,0,0,0,1,0,0,0,0,0,0,0,0,0,0,0,0,0,0,0,0,0,1
0.34.29.33,4,4,0,22661.389,136843.77,,32,,2,0,1,,,,,,,,"0.Commercial and catering occupations.Business related services administrators, agents.Customer services occupations",1,0,0,0,0,0,0,0,0,0,0,0,0,0,0,1,0,0,0,0,0,0,0,0,0,0,0,0,0,1,0,0,0,1,1,0,0,0,0,0,0,0,0,0,0,0,0,0,0,0,0,0,1
0.34.29.33.15,4,4,0,10621.62,164762.25,,49.75,,2,0,1,,,,,,,0,"0.Commercial and catering occupations.Business related services administrators, agents.Customer services occupations.Managing directors, managers",1,0,0,0,0,0,0,0,0,0,0,0,0,0,0,1,0,0,0,0,0,0,0,0,0,0,0,0,0,1,0,0,0,1,1,0,0,0,0,0,0,0,0,0,0,0,0,0,0,0,0,0,1
0.34.29.34,18,11,7,114512.59,105981.47,110501.87,12.909091,18.571428,2,0,1,1,1,0,0,0,1,,"0.Commercial and catering occupations.Business related services administrators, agents.Commercial and catering occupations",1,0,0,0,0,0,0,0,0,0,0,0,0,0,0,1,0,0,0,0,0,0,0,0,0,0,0,0,0,1,0,0,0,0,1,0,0,0,0,0,0,0,0,0,0,0,0,0,0,0,0,1,1
0.34.29.34.15,9,5,4,159548.63,232050.97,215791.03,12.2,25,0,1,1,0,0,0,0,0,1,0,"0.Commercial and catering occupations.Business related services administrators, agents.Commercial and catering occupations.Managing directors, managers",1,0,0,0,0,0,0,0,0,0,0,0,0,0,0,1,0,0,0,0,0,0,0,0,0,0,0,0,0,1,0,0,0,0,1,0,0,0,0,0,0,0,0,0,0,0,0,0,0,0,0,1,1
0.34.31,27,15,12,292764.78,113309.93,89559.188,15.2,5.75,0,1,1,0,0,0,0,0,0,,0.Commercial and catering occupations.Other administrators,1,0,0,0,0,0,0,0,0,0,0,0,0,0,0,1,0,0,0,0,0,0,0,0,0,0,0,0,0,0,0,1,0,0,1,0,0,0,0,0,0,0,0,0,0,0,0,0,0,0,0,0,1
0.34.31.15,5,3,2,213365.77,364708.97,239728.17,5,4.5,0,1,1,0,0,0,0,0,0,1,"0.Commercial and catering occupations.Other administrators.Managing directors, managers",1,0,0,0,0,0,0,0,0,0,0,0,0,0,0,1,0,0,0,0,0,0,0,0,0,0,0,0,0,0,0,1,0,0,1,0,0,0,0,0,0,0,0,0,0,0,0,0,0,0,0,0,1
0.34.32,48,39,9,170668.3,92158.523,104718.34,15.179487,7.3333335,2,1,1,1,1,1,0,0,0,,0.Commercial and catering occupations.Office clerks,1,0,0,0,0,0,0,0,0,0,0,0,0,0,0,1,0,0,0,0,0,0,0,0,0,0,0,0,0,1,0,0,1,0,1,0,0,0,0,0,0,0,0,0,0,0,0,0,0,0,0,0,1
0.34.32.15,15,10,5,81358.211,193357.94,75432.688,14.5,9,2,0,1,0,0,0,0,0,0,0,"0.Commercial and catering occupations.Office clerks.Managing directors, managers",1,0,0,0,0,0,0,0,0,0,0,0,0,0,0,1,0,0,0,0,0,0,0,0,0,0,0,0,0,0,0,0,1,0,1,0,0,0,0,0,0,0,0,0,0,0,0,0,0,0,0,0,1
0.34.32.29,5,4,1,740973.06,142938.88,359048.06,6.75,19,2,1,1,1,,1,1,,1,,"0.Commercial and catering occupations.Office clerks.Business related services administrators, agents",1,0,0,0,0,0,0,0,0,0,0,0,0,0,0,1,0,0,0,0,0,0,0,0,0,0,0,0,0,1,0,0,1,0,1,0,0,0,0,0,0,0,0,0,0,0,0,0,0,0,0,0,1
0.34.32.29.15,4,3,1,-306454,163434.53,139238,6.6666665,3,2,0,0,0,,0,0,,0,0,"0.Commercial and catering occupations.Office clerks.Business related services administrators, agents.Managing directors, managers",1,0,0,0,0,0,0,0,0,0,0,0,0,0,0,1,0,0,0,0,0,0,0,0,0,0,0,0,0,1,0,0,1,0,1,0,0,0,0,0,0,0,0,0,0,0,0,0,0,0,0,0,1
0.34.32.34,13,12,1,117435.57,95764.406,200312.28,26.25,14,2,0,1,1,,1,1,,0,,0.Commercial and catering occupations.Office clerks.Commercial and catering occupations,1,0,0,0,0,0,0,0,0,0,0,0,0,0,0,1,0,0,0,0,0,0,0,0,0,0,0,0,0,0,0,0,1,0,1,0,0,0,0,0,0,0,0,0,0,0,0,0,0,0,0,1,1
0.34.32.34.15,8,8,0,72345.008,176244.14,,8.875,,2,0,1,,,,,,,0,"0.Commercial and catering occupations.Office clerks.Commercial and catering occupations.Managing directors, managers",1,0,0,0,0,0,0,0,0,0,0,0,0,0,0,1,0,0,0,0,0,0,0,0,0,0,0,0,0,0,0,0,1,0,1,0,0,0,0,0,0,0,0,0,0,0,0,0,0,0,0,1,1
0.34.33,104,79,25,123778.7,102119.69,97269.609,14.56962,10,2,0,1,0,0,0,0,0,0,,0.Commercial and catering occupations.Customer services occupations,1,0,0,0,0,0,0,0,0,0,0,0,0,0,0,1,0,0,0,0,0,0,0,0,0,0,0,0,0,0,0,0,0,1,1,0,0,0,0,0,0,0,0,0,0,0,0,0,0,0,0,0,1
0.34.33.15,33,21,12,77108.039,192067.98,149998.64,11.952381,19.75,2,0,1,0,0,0,0,0,1,0,"0.Commercial and catering occupations.Customer services occupations.Managing directors, managers",1,0,0,0,0,0,0,0,0,0,0,0,0,0,0,1,0,0,0,0,0,0,0,0,0,0,0,0,0,0,0,0,0,1,1,0,0,0,0,0,0,0,0,0,0,0,0,0,0,0,0,0,1
0.34.33.34,50,41,9,58670.465,107252.81,98266.047,31.512196,12.333333,2,0,1,0,0,0,0,0,0,,0.Commercial and catering occupations.Customer services occupations.Commercial and catering occupations,1,0,0,0,0,0,0,0,0,0,0,0,0,0,0,1,0,0,0,0,0,0,0,0,0,0,0,0,0,0,0,0,0,1,1,0,0,0,0,0,0,0,0,0,0,0,0,0,0,0,0,1,1
0.34.33.34.15,29,25,4,17835.354,197175.02,122661.76,15.36,12.25,2,0,1,0,0,0,1,1,0,0,"0.Commercial and catering occupations.Customer services occupations.Commercial and catering occupations.Managing directors, managers",1,0,0,0,0,0,0,0,0,0,0,0,0,0,0,1,0,0,0,0,0,0,0,0,0,0,0,0,0,0,0,0,0,1,1,0,0,0,0,0,0,0,0,0,0,0,0,0,0,0,0,1,1
0.34.35,28,17,11,108196.83,81229.852,77001.5,11.823529,9,2,0,1,0,0,0,1,1,0,,0.Commercial and catering occupations.Service workers,1,0,0,0,0,0,0,0,0,0,0,0,0,0,0,1,0,0,0,0,0,0,0,0,0,0,0,0,0,0,0,0,0,0,1,1,0,0,0,0,0,0,0,0,0,0,0,0,0,0,0,0,1
0.34.35.15,7,4,3,293951.69,137584.16,132085,9.25,4.3333335,0,1,1,0,0,0,1,1,0,0,"0.Commercial and catering occupations.Service workers.Managing directors, managers",1,0,0,0,0,0,0,0,0,0,0,0,0,0,0,1,0,0,0,0,0,0,0,0,0,0,0,0,0,0,0,0,0,0,1,1,0,0,0,0,0,0,0,0,0,0,0,0,0,0,0,0,1
0.34.35.34,9,7,2,267671.91,118407.98,75211,23,3,2,1,1,0,0,0,0,0,0,,0.Commercial and catering occupations.Service workers.Commercial and catering occupations,1,0,0,0,0,0,0,0,0,0,0,0,0,0,0,1,0,0,0,0,0,0,0,0,0,0,0,0,0,0,0,0,0,0,1,1,0,0,0,0,0,0,0,0,0,0,0,0,0,0,0,1,1
0.34.35.34.15,6,6,0,126127.55,200333.77,,8.833333,,2,0,1,,,,,,,0,"0.Commercial and catering occupations.Service workers.Commercial and catering occupations.Managing directors, managers",1,0,0,0,0,0,0,0,0,0,0,0,0,0,0,1,0,0,0,0,0,0,0,0,0,0,0,0,0,0,0,0,0,0,1,1,0,0,0,0,0,0,0,0,0,0,0,0,0,0,0,1,1
0.34.48,215,110,105,86226.82,83921.797,100306.88,10.554545,15.304762,0,0,1,1,1,1,1,1,1,,0.Commercial and catering occupations.Occupations not requiring qualifications,1,0,0,0,0,0,0,0,0,0,0,0,0,0,0,1,0,0,0,0,0,0,0,0,0,0,0,0,0,1,0,0,0,0,1,0,0,0,0,0,0,0,0,0,0,0,0,0,1,0,1,0,1
0.34.48.15,79,37,42,82685.359,161959.61,176291.31,13,11.238095,0,0,1,1,1,1,1,1,0,0,"0.Commercial and catering occupations.Occupations not requiring qualifications.Managing directors, managers",1,0,0,0,0,0,0,0,0,0,0,0,0,0,0,1,0,0,0,0,0,0,0,0,0,0,0,0,0,0,0,0,0,0,1,0,0,0,0,0,0,0,0,0,0,0,0,0,1,0,0,0,1
0.34.48.29,10,5,5,24709.754,114127.1,143377.47,31.6,19,0,0,1,1,1,1,1,1,0,,"0.Commercial and catering occupations.Occupations not requiring qualifications.Business related services administrators, agents",1,0,0,0,0,0,0,0,0,0,0,0,0,0,0,1,0,0,0,0,0,0,0,0,0,0,0,0,0,1,0,0,0,0,1,0,0,0,0,0,0,0,0,0,0,0,0,0,1,0,0,0,1
0.34.48.29.15,7,4,3,18702.645,177529.25,137314.03,24.75,17.666666,0,0,1,0,0,0,0,0,0,0,"0.Commercial and catering occupations.Occupations not requiring qualifications.Business related services administrators, agents.Managing directors, managers",1,0,0,0,0,0,0,0,0,0,0,0,0,0,0,1,0,0,0,0,0,0,0,0,0,0,0,0,0,1,0,0,0,0,1,0,0,0,0,0,0,0,0,0,0,0,0,0,1,0,0,0,1
0.34.48.34,79,49,30,174831.41,104139.79,106018.19,20.387754,19.433332,2,1,1,1,1,0,1,1,0,,0.Commercial and catering occupations.Occupations not requiring qualifications.Commercial and catering occupations,1,0,0,0,0,0,0,0,0,0,0,0,0,0,0,1,0,0,0,0,0,0,0,0,0,0,0,0,0,0,0,0,0,0,1,0,0,0,0,0,0,0,0,0,0,0,0,0,1,0,0,1,1
0.34.48.34.15,49,32,17,59177.453,190768.89,186059.33,14.40625,17.411764,2,0,1,0,0,0,1,1,1,0,"0.Commercial and catering occupations.Occupations not requiring qualifications.Commercial and catering occupations.Managing directors, managers",1,0,0,0,0,0,0,0,0,0,0,0,0,0,0,1,0,0,0,0,0,0,0,0,0,0,0,0,0,0,0,0,0,0,1,0,0,0,0,0,0,0,0,0,0,0,0,0,1,0,0,1,1
0.34.48.34.48,17,10,7,145710.95,92756.336,92725.219,18,8.5714283,0,0,1,0,0,0,0,0,0,,0.Commercial and catering occupations.Occupations not requiring qualifications.Commercial and catering occupations.Occupations not requiring qualifications,1,0,0,0,0,0,0,0,0,0,0,0,0,0,0,1,0,0,0,0,0,0,0,0,0,0,0,0,0,0,0,0,0,0,1,0,0,0,0,0,0,0,0,0,0,0,0,0,1,0,0,2,1
0.34.48.34.48.15,7,6,1,44164.332,155590.95,137639,10.166667,2,2,0,1,0,,0,0,,0,0,"0.Commercial and catering occupations.Occupations not requiring qualifications.Commercial and catering occupations.Occupations not requiring qualifications.Managing directors, managers",1,0,0,0,0,0,0,0,0,0,0,0,0,0,0,1,0,0,0,0,0,0,0,0,0,0,0,0,0,0,0,0,0,0,1,0,0,0,0,0,0,0,0,0,0,0,0,0,1,0,0,2,1
0.34.48.50,5,1,4,-34427.777,148396.7,74275.906,10,25,1,0,0,0,,0,,,1,,0.Commercial and catering occupations.Occupations not requiring qualifications.Entrepreneur,1,0,0,0,0,0,0,0,0,0,0,0,0,0,0,1,0,0,0,0,0,0,0,0,0,0,0,0,0,0,0,0,0,0,1,0,0,0,0,0,0,0,0,0,0,0,0,0,1,0,1,0,1
0.34.48.50.15,4,1,3,-12039.351,65166.5,135990.61,2,21.666666,1,0,0,1,,1,1,,1,0,"0.Commercial and catering occupations.Occupations not requiring qualifications.Entrepreneur.Managing directors, managers",1,0,0,0,0,0,0,0,0,0,0,0,0,0,0,1,0,0,0,0,0,0,0,0,0,0,0,0,0,0,0,0,0,0,1,0,0,0,0,0,0,0,0,0,0,0,0,0,1,0,1,0,1
0.34.50,22,15,7,107701.27,74951.18,65861.859,8.7333336,3.1428571,2,0,1,0,0,0,,,0,,0.Commercial and catering occupations.Entrepreneur,1,0,0,0,0,0,0,0,0,0,0,0,0,0,0,1,0,0,0,0,0,0,0,0,0,0,0,0,0,0,0,0,0,0,1,0,0,0,0,0,0,0,0,0,0,0,0,0,0,0,1,0,1
0.34.50.15,6,6,0,5140.1475,99441.102,,14.166667,,2,0,1,,,,,,,0,"0.Commercial and catering occupations.Entrepreneur.Managing directors, managers",1,0,0,0,0,0,0,0,0,0,0,0,0,0,0,1,0,0,0,0,0,0,0,0,0,0,0,0,0,0,0,0,0,0,1,0,0,0,0,0,0,0,0,0,0,0,0,0,0,0,1,0,1
0.34.50.34,10,6,4,224383.14,97852.438,98855.234,10.666667,17.25,0,1,1,1,1,0,0,0,1,,0.Commercial and catering occupations.Entrepreneur.Commercial and catering occupations,1,0,0,0,0,0,0,0,0,0,0,0,0,0,0,1,0,0,0,0,0,0,0,0,0,0,0,0,0,0,0,0,0,0,1,0,0,0,0,0,0,0,0,0,0,0,0,0,0,0,1,1,1
0.34.50.34.15,8,4,4,93456.258,115810.31,221757.36,9.5,11.5,0,0,1,1,1,1,1,1,1,0,"0.Commercial and catering occupations.Entrepreneur.Commercial and catering occupations.Managing directors, managers",1,0,0,0,0,0,0,0,0,0,0,0,0,0,0,1,0,0,0,0,0,0,0,0,0,0,0,0,0,0,0,0,0,0,1,0,0,0,0,0,0,0,0,0,0,0,0,0,0,0,1,1,1
0.35,107,48,59,,60034.684,69934.727,6.6875,9.6779661,0,,,1,1,1,1,1,1,,0.Service workers,1,0,0,0,0,0,0,0,0,0,0,0,0,0,0,1,0,0,0,0,0,0,0,0,0,0,0,0,0,0,0,0,0,0,1,1,0,0,0,0,0,0,0,0,0,0,0,0,1,0,0,0,1
0.35.15,20,8,12,658774.63,111257.22,215312.66,10.25,14.333333,1,1,1,1,1,1,1,1,1,0,"0.Service workers.Managing directors, managers",1,0,0,0,0,0,0,0,0,0,0,0,0,0,0,1,0,0,0,0,0,0,0,0,0,0,0,0,0,0,0,0,0,0,0,1,0,0,0,0,0,0,0,0,0,0,0,0,0,0,0,0,1
0.35.34,22,14,8,239454.77,85107.523,99651.25,17.785715,16.625,2,1,1,1,1,1,1,1,0,,0.Service workers.Commercial and catering occupations,1,0,0,0,0,0,0,0,0,0,0,0,0,0,0,1,0,0,0,0,0,0,0,0,0,0,0,0,0,0,0,0,0,0,1,1,0,0,0,0,0,0,0,0,0,0,0,0,0,0,0,0,1
0.35.34.15,10,7,3,28504.533,185355.45,199040.28,12.714286,20.666666,2,0,1,1,1,1,1,1,1,0,"0.Service workers.Commercial and catering occupations.Managing directors, managers",1,0,0,0,0,0,0,0,0,0,0,0,0,0,0,1,0,0,0,0,0,0,0,0,0,0,0,0,0,0,0,0,0,0,1,1,0,0,0,0,0,0,0,0,0,0,0,0,0,0,0,0,1
0.35.48,15,5,10,174493.47,55910.195,87352.859,11.8,9.8999996,1,1,1,1,1,1,1,1,0,,0.Service workers.Occupations not requiring qualifications,1,0,0,0,0,0,0,0,0,0,0,0,0,0,0,1,0,0,0,0,0,0,0,0,0,0,0,0,0,0,0,0,0,0,0,1,0,0,0,0,0,0,0,0,0,0,0,0,1,0,0,0,1
0.35.48.15,5,1,4,7729.3975,168427.7,128054.68,10,8.25,1,0,1,0,,0,1,,0,0,"0.Service workers.Occupations not requiring qualifications.Managing directors, managers",1,0,0,0,0,0,0,0,0,0,0,0,0,0,0,1,0,0,0,0,0,0,0,0,0,0,0,0,0,0,0,0,0,0,0,1,0,0,0,0,0,0,0,0,0,0,0,0,1,0,0,0,1
0.36,57,16,41,,65221.93,72658.172,3.125,10.634147,1,,,1,1,1,1,1,1,,0.Agricultural occupations,1,0,0,0,0,0,0,0,0,0,0,0,0,0,0,1,0,0,0,0,0,0,0,0,0,0,0,0,0,0,0,0,0,0,1,0,1,0,0,0,0,0,0,0,0,0,0,0,0,0,0,0,1
0.36.15,13,2,11,267406.69,76564.617,159176.53,22,23.636364,1,1,1,1,1,1,0,0,1,0,"0.Agricultural occupations.Managing directors, managers",1,0,0,0,0,0,0,0,0,0,0,0,0,0,0,1,0,0,0,0,0,0,0,0,0,0,0,0,0,0,0,0,0,0,0,0,1,0,0,0,0,0,0,0,0,0,0,0,0,0,0,0,1
0.36.34,9,4,5,436940.38,88398.094,101981.55,32.5,17.200001,0,1,1,1,1,1,1,1,0,,0.Agricultural occupations.Commercial and catering occupations,1,0,0,0,0,0,0,0,0,0,0,0,0,0,0,1,0,0,0,0,0,0,0,0,0,0,0,0,0,0,0,0,0,0,1,0,1,0,0,0,0,0,0,0,0,0,0,0,0,0,0,0,1
0.36.34.15,5,1,4,169967.36,131641.48,162189.53,23,7.75,1,1,1,1,,1,1,,0,0,"0.Agricultural occupations.Commercial and catering occupations.Managing directors, managers",1,0,0,0,0,0,0,0,0,0,0,0,0,0,0,1,0,0,0,0,0,0,0,0,0,0,0,0,0,0,0,0,0,0,1,0,1,0,0,0,0,0,0,0,0,0,0,0,0,0,0,0,1
0.38,77,23,54,,70879.563,88134.031,10.304348,24.722221,1,,,1,1,1,1,1,1,,0.Food processing workers,1,0,0,0,0,0,0,0,0,0,0,0,0,0,0,1,0,0,0,0,0,0,0,0,0,0,0,0,0,0,0,0,0,0,1,0,0,0,1,0,0,0,0,0,0,0,0,0,0,0,0,0,1
0.38.15,18,4,14,90219.641,123832.16,183799.77,7.75,18,1,0,1,1,1,1,1,1,1,0,"0.Food processing workers.Managing directors, managers",1,0,0,0,0,0,0,0,0,0,0,0,0,0,0,1,0,0,0,0,0,0,0,0,0,0,0,0,0,0,0,0,0,0,0,0,0,0,1,0,0,0,0,0,0,0,0,0,0,0,0,0,1
0.38.34,16,5,11,350139.5,127227.2,115333.5,40.599998,17.363636,1,1,1,0,0,0,0,0,0,,0.Food processing workers.Commercial and catering occupations,1,0,0,0,0,0,0,0,0,0,0,0,0,0,0,1,0,0,0,0,0,0,0,0,0,0,0,0,0,0,0,0,0,0,1,0,0,0,1,0,0,0,0,0,0,0,0,0,0,0,0,0,1
0.38.34.15,9,5,4,347663.97,186829.38,218454,29.200001,22.25,0,1,1,1,1,1,1,1,0,0,"0.Food processing workers.Commercial and catering occupations.Managing directors, managers",1,0,0,0,0,0,0,0,0,0,0,0,0,0,0,1,0,0,0,0,0,0,0,0,0,0,0,0,0,0,0,0,0,0,1,0,0,0,1,0,0,0,0,0,0,0,0,0,0,0,0,0,1
0.39,39,10,29,,67956.531,65101.172,13.8,16,1,,,0,0,0,1,1,1,,0.Light industry occupations,1,0,0,0,0,0,0,0,0,0,0,0,0,0,0,1,0,0,0,0,0,0,0,0,0,0,0,0,0,0,0,0,0,0,1,0,0,0,0,1,0,0,0,0,0,0,0,0,0,0,0,0,1
0.39.15,9,1,8,431611.94,93545.445,169732.13,9,8.5,1,1,1,1,,1,1,,0,0,"0.Light industry occupations.Managing directors, managers",1,0,0,0,0,0,0,0,0,0,0,0,0,0,0,1,0,0,0,0,0,0,0,0,0,0,0,0,0,0,0,0,0,0,0,0,0,0,0,1,0,0,0,0,0,0,0,0,0,0,0,0,1
0.39.34,8,4,4,99906.141,128765.91,105283.66,19.75,62.5,0,0,1,0,0,0,0,0,1,,0.Light industry occupations.Commercial and catering occupations,1,0,0,0,0,0,0,0,0,0,0,0,0,0,0,1,0,0,0,0,0,0,0,0,0,0,0,0,0,0,0,0,0,0,1,0,0,0,0,1,0,0,0,0,0,0,0,0,0,0,0,0,1
0.39.34.15,7,3,4,72972.609,206504.08,210884.67,3.3333333,7.75,0,0,1,1,1,0,1,1,1,0,"0.Light industry occupations.Commercial and catering occupations.Managing directors, managers",1,0,0,0,0,0,0,0,0,0,0,0,0,0,0,1,0,0,0,0,0,0,0,0,0,0,0,0,0,0,0,0,0,0,1,0,0,0,0,1,0,0,0,0,0,0,0,0,0,0,0,0,1
0.40,120,22,98,,59175.191,98276.523,3.2727273,15.377551,1,,,1,1,1,1,1,1,,0.Metal and electrical industry occupations,1,0,0,0,0,0,0,0,0,0,0,0,0,0,0,1,0,0,0,0,0,0,0,0,0,0,0,0,0,0,0,0,0,0,1,0,0,0,0,0,1,0,0,0,0,0,0,0,1,0,0,0,1
0.40.15,22,1,21,62785.469,47776,217625.25,1,15.095238,1,0,1,1,,1,0,,1,0,"0.Metal and electrical industry occupations.Managing directors, managers",1,0,0,0,0,0,0,0,0,0,0,0,0,0,0,1,0,0,0,0,0,0,0,0,0,0,0,0,0,0,0,0,0,0,0,0,0,0,0,0,1,0,0,0,0,0,0,0,0,0,0,0,1
0.40.34,22,11,11,345665.13,109388.71,101406.14,22.363636,25.09091,0,1,1,0,0,0,1,1,1,,0.Metal and electrical industry occupations.Commercial and catering occupations,1,0,0,0,0,0,0,0,0,0,0,0,0,0,0,1,0,0,0,0,0,0,0,0,0,0,0,0,0,0,0,0,0,0,1,0,0,0,0,0,1,0,0,0,0,0,0,0,0,0,0,0,1
0.40.34.15,9,4,5,23502.824,293632.5,162715.14,18.25,28.799999,0,0,1,0,0,0,0,0,1,0,"0.Metal and electrical industry occupations.Commercial and catering occupations.Managing directors, managers",1,0,0,0,0,0,0,0,0,0,0,0,0,0,0,1,0,0,0,0,0,0,0,0,0,0,0,0,0,0,0,0,0,0,1,0,0,0,0,0,1,0,0,0,0,0,0,0,0,0,0,0,1
0.40.48,19,1,18,43219.855,66408,83837.5,3,16.222221,1,0,1,1,,1,1,,1,,0.Metal and electrical industry occupations.Occupations not requiring qualifications,1,0,0,0,0,0,0,0,0,0,0,0,0,0,0,1,0,0,0,0,0,0,0,0,0,0,0,0,0,0,0,0,0,0,1,0,0,0,0,0,1,0,0,0,0,0,0,0,1,0,0,0,1
0.40.48.15,5,0,5,39549.422,,154802.23,,33.799999,1,0,1,,,,,,,0,"0.Metal and electrical industry occupations.Occupations not requiring qualifications.Managing directors, managers",1,0,0,0,0,0,0,0,0,0,0,0,0,0,0,1,0,0,0,0,0,0,0,0,0,0,0,0,0,0,0,0,0,0,0,0,0,0,0,0,1,0,0,0,0,0,0,0,1,0,0,0,1
0.40.48.34,4,1,3,157252.3,146825.75,105546.74,33,10.666667,1,0,1,0,,0,0,,0,,0.Metal and electrical industry occupations.Occupations not requiring qualifications.Commercial and catering occupations,1,0,0,0,0,0,0,0,0,0,0,0,0,0,0,1,0,0,0,0,0,0,0,0,0,0,0,0,0,0,0,0,0,0,1,0,0,0,0,0,1,0,0,0,0,0,0,0,1,0,0,0,1
0.40.48.34.15,4,1,3,161301.17,324598.84,124250.66,45,1,1,1,1,0,,0,0,,0,0,"0.Metal and electrical industry occupations.Occupations not requiring qualifications.Commercial and catering occupations.Managing directors, managers",1,0,0,0,0,0,0,0,0,0,0,0,0,0,0,1,0,0,0,0,0,0,0,0,0,0,0,0,0,0,0,0,0,0,1,0,0,0,0,0,1,0,0,0,0,0,0,0,1,0,0,0,1
0.42,72,0,72,,,68363.414,,13.208333,1,,,,,,,,,,0.Building industry occupations,1,0,0,0,0,0,0,0,0,0,0,0,0,0,0,1,0,0,0,0,0,0,0,0,1,0,0,0,0,0,0,0,0,0,0,0,0,0,0,0,0,0,1,0,0,0,0,0,1,0,0,0,1
0.42.15,14,0,14,44504.137,,127827.07,,15.785714,1,0,1,,,,,,,0,"0.Building industry occupations.Managing directors, managers",1,0,0,0,0,0,0,0,0,0,0,0,0,0,0,1,0,0,0,0,0,0,0,0,0,0,0,0,0,0,0,0,0,0,0,0,0,0,0,0,0,0,1,0,0,0,0,0,0,0,0,0,1
0.42.24,6,0,6,398628.38,,137543.3,,29,1,1,1,,,,,,,,0.Building industry occupations.Technicians and technical professionals,1,0,0,0,0,0,0,0,0,0,0,0,0,0,0,1,0,0,0,0,0,0,0,0,1,0,0,0,0,0,0,0,0,0,0,0,0,0,0,0,0,0,1,0,0,0,0,0,0,0,0,0,1
0.42.24.15,4,0,4,15620.729,,156212.16,,18.25,1,0,1,,,,,,,0,"0.Building industry occupations.Technicians and technical professionals.Managing directors, managers",1,0,0,0,0,0,0,0,0,0,0,0,0,0,0,1,0,0,0,0,0,0,0,0,1,0,0,0,0,0,0,0,0,0,0,0,0,0,0,0,0,0,1,0,0,0,0,0,0,0,0,0,1
0.42.48,19,0,19,96146.203,,79486.945,,10.052631,1,0,1,,,,,,,,0.Building industry occupations.Occupations not requiring qualifications,1,0,0,0,0,0,0,0,0,0,0,0,0,0,0,1,0,0,0,0,0,0,0,0,0,0,0,0,0,0,0,0,0,0,0,0,0,0,0,0,0,0,1,0,0,0,0,0,1,0,0,0,1
0.42.48.15,4,0,4,75376.195,,133614.66,,29,1,0,1,,,,,,,0,"0.Building industry occupations.Occupations not requiring qualifications.Managing directors, managers",1,0,0,0,0,0,0,0,0,0,0,0,0,0,0,1,0,0,0,0,0,0,0,0,0,0,0,0,0,0,0,0,0,0,0,0,0,0,0,0,0,0,1,0,0,0,0,0,1,0,0,0,1
0.44,115,36,80,,75370.789,93613.688,7.8888888,9.0249996,1,,,1,1,1,1,1,1,,0.Manufacturing machine operators,1,0,0,0,0,0,0,0,0,0,0,0,0,0,0,1,0,0,0,0,0,0,0,0,0,0,0,0,0,0,0,0,0,0,1,0,0,0,0,0,0,0,0,0,1,0,0,0,1,0,0,0,1
0.44.15,15,1,14,397510.38,121031.78,222487.75,9,7.3571429,1,1,1,1,,1,1,,0,0,"0.Manufacturing machine operators.Managing directors, managers",1,0,0,0,0,0,0,0,0,0,0,0,0,0,0,1,0,0,0,0,0,0,0,0,0,0,0,0,0,0,0,0,0,0,0,0,0,0,0,0,0,0,0,0,1,0,0,0,0,0,0,0,1
0.44.34,19,7,12,145914.66,84081.266,84565.734,30.857143,20.916666,1,0,1,1,1,0,1,1,0,,0.Manufacturing machine operators.Commercial and catering occupations,1,0,0,0,0,0,0,0,0,0,0,0,0,0,0,1,0,0,0,0,0,0,0,0,0,0,0,0,0,0,0,0,0,0,1,0,0,0,0,0,0,0,0,0,1,0,0,0,0,0,0,0,1
0.44.34.15,9,3,6,33002.262,143951.53,174449.69,29,25,1,0,1,1,1,1,0,0,0,0,"0.Manufacturing machine operators.Commercial and catering occupations.Managing directors, managers",1,0,0,0,0,0,0,0,0,0,0,0,0,0,0,1,0,0,0,0,0,0,0,0,0,0,0,0,0,0,0,0,0,0,1,0,0,0,0,0,0,0,0,0,1,0,0,0,0,0,0,0,1
0.44.48,23,7,16,104027.7,70138.078,99304.867,5.4285712,14.3125,1,0,1,1,1,1,1,1,1,,0.Manufacturing machine operators.Occupations not requiring qualifications,1,0,0,0,0,0,0,0,0,0,0,0,0,0,0,1,0,0,0,0,0,0,0,0,0,0,0,0,0,0,0,0,0,0,0,0,0,0,0,0,0,0,0,0,1,0,0,0,1,0,0,0,1
0.44.48.15,9,3,6,37763.898,117909.48,129509.33,11.333333,36.833332,1,0,1,1,1,1,0,0,1,0,"0.Manufacturing machine operators.Occupations not requiring qualifications.Managing directors, managers",1,0,0,0,0,0,0,0,0,0,0,0,0,0,0,1,0,0,0,0,0,0,0,0,0,0,0,0,0,0,0,0,0,0,0,0,0,0,0,0,0,0,0,0,1,0,0,0,1,0,0,0,1
0.45,97,42,55,,84626.023,97016.914,12.666667,11.381818,0,,,1,1,1,1,1,0,,0.Assemblers,1,0,0,0,0,0,0,0,0,0,0,0,0,0,0,1,0,0,0,0,0,0,0,0,0,0,0,0,0,0,0,0,0,0,1,0,0,0,0,0,0,0,0,0,0,1,0,0,1,0,0,0,1
0.45.15,16,8,8,153601.58,171068.94,181801.34,18,10.875,0,0,1,1,1,1,1,1,0,0,"0.Assemblers.Managing directors, managers",1,0,0,0,0,0,0,0,0,0,0,0,0,0,0,1,0,0,0,0,0,0,0,0,0,0,0,0,0,0,0,0,0,0,0,0,0,0,0,0,0,0,0,0,0,1,0,0,0,0,0,0,1
0.45.34,19,11,8,144081.73,94468.313,119162.06,31.272728,24.875,0,0,1,1,1,1,1,1,0,,0.Assemblers.Commercial and catering occupations,1,0,0,0,0,0,0,0,0,0,0,0,0,0,0,1,0,0,0,0,0,0,0,0,0,0,0,0,0,0,0,0,0,0,1,0,0,0,0,0,0,0,0,0,0,1,0,0,0,0,0,0,1
0.45.34.15,11,6,5,154655.06,170494.95,208562.19,16.333334,20,0,0,1,1,1,1,1,1,1,0,"0.Assemblers.Commercial and catering occupations.Managing directors, managers",1,0,0,0,0,0,0,0,0,0,0,0,0,0,0,1,0,0,0,0,0,0,0,0,0,0,0,0,0,0,0,0,0,0,1,0,0,0,0,0,0,0,0,0,0,1,0,0,0,0,0,0,1
0.45.48,30,10,20,25573.594,74250.742,84414.555,8.8000002,10.7,1,0,1,1,1,1,1,1,1,,0.Assemblers.Occupations not requiring qualifications,1,0,0,0,0,0,0,0,0,0,0,0,0,0,0,1,0,0,0,0,0,0,0,0,0,0,0,0,0,0,0,0,0,0,0,0,0,0,0,0,0,0,0,0,0,1,0,0,1,0,0,0,1
0.45.48.15,7,2,5,289897.81,114261.5,170074.03,4,12,1,1,1,1,1,1,1,1,1,0,"0.Assemblers.Occupations not requiring qualifications.Managing directors, managers",1,0,0,0,0,0,0,0,0,0,0,0,0,0,0,1,0,0,0,0,0,0,0,0,0,0,0,0,0,0,0,0,0,0,0,0,0,0,0,0,0,0,0,0,0,1,0,0,1,0,0,0,1
0.46,20,7,13,,63727.012,96103.578,6,12.384615,1,,,1,1,1,1,1,1,,0.Stationary machine operators,1,0,0,0,0,0,0,0,0,0,0,0,0,0,0,1,0,0,0,0,0,0,0,0,0,0,0,0,0,0,0,0,0,0,0,0,0,0,0,0,0,0,0,0,0,0,1,0,0,0,0,0,1
0.46.15,4,2,2,291957.25,70811.414,254204.17,2.5,2,0,1,1,1,1,1,1,1,0,0,"0.Stationary machine operators.Managing directors, managers",1,0,0,0,0,0,0,0,0,0,0,0,0,0,0,1,0,0,0,0,0,0,0,0,0,0,0,0,0,0,0,0,0,0,0,0,0,0,0,0,0,0,0,0,0,0,1,0,0,0,0,0,1
0.47,29,1,28,,84261,87355.852,1,16.821428,1,,,1,,0,1,,1,,0.Drivers and mobile machinery operators,1,0,0,0,0,0,0,0,0,0,0,0,0,0,0,1,0,0,0,0,0,0,0,0,0,0,0,0,0,0,0,0,0,0,0,0,0,0,0,0,0,0,0,0,0,0,0,1,0,0,0,0,1
0.47.15,7,0,7,37399.445,,213044.19,,26.571428,1,0,1,,,,,,,0,"0.Drivers and mobile machinery operators.Managing directors, managers",1,0,0,0,0,0,0,0,0,0,0,0,0,0,0,1,0,0,0,0,0,0,0,0,0,0,0,0,0,0,0,0,0,0,0,0,0,0,0,0,0,0,0,0,0,0,0,1,0,0,0,0,1
0.48,842,292,550,,64375.98,70588.648,6.6883564,10.129091,1,,,1,1,1,1,1,1,,0.Occupations not requiring qualifications,1,0,0,0,0,0,0,0,0,0,0,0,0,0,1,1,0,1,0,0,0,0,0,0,1,0,0,0,0,1,0,0,1,1,1,1,0,0,0,0,0,0,0,0,1,1,0,1,1,0,1,0,1
0.48.14,30,10,20,211769.38,85746.734,72297.211,4.8000002,3.6500001,1,1,1,0,0,0,1,1,0,0,"0.Occupations not requiring qualifications.Chief executives, senior officials and legislators",1,0,0,0,0,0,0,0,0,0,0,0,0,0,1,0,0,0,0,0,0,0,0,0,0,0,0,0,0,0,0,0,0,0,0,0,0,0,0,0,0,0,0,0,0,0,0,0,1,0,0,0,1
0.48.15,207,65,142,253440.03,143154.48,153299.31,12.8,14.704226,1,1,1,1,1,1,1,1,1,0,"0.Occupations not requiring qualifications.Managing directors, managers",1,0,0,0,0,0,0,0,0,0,0,0,0,0,0,1,0,0,0,0,0,0,0,0,0,0,0,0,0,0,0,0,0,0,0,0,0,0,0,0,0,0,0,0,0,0,0,0,1,0,0,0,1
0.48.17,10,0,10,1198841.5,,223341.8,,17.299999,1,1,1,,,,,,,,"0.Occupations not requiring qualifications.Technical, information technology, science related professionals",1,0,0,0,0,0,0,0,0,0,0,0,0,0,0,1,0,1,0,0,0,0,0,0,0,0,0,0,0,0,0,0,0,0,0,0,0,0,0,0,0,0,0,0,0,0,0,0,1,0,0,0,1
0.48.17.15,4,0,4,962561,,429350.41,,21.5,1,1,1,,,,,,,1,"0.Occupations not requiring qualifications.Technical, information technology, science related professionals.Managing directors, managers",1,0,0,0,0,0,0,0,0,0,0,0,0,0,0,1,0,1,0,0,0,0,0,0,0,0,0,0,0,0,0,0,0,0,0,0,0,0,0,0,0,0,0,0,0,0,0,0,1,0,0,0,1
0.48.24,25,3,22,426708.59,126519.82,119722.2,18.333334,15.363636,1,1,1,0,0,0,0,0,0,,0.Occupations not requiring qualifications.Technicians and technical professionals,1,0,0,0,0,0,0,0,0,0,0,0,0,0,0,1,0,0,0,0,0,0,0,0,1,0,0,0,0,0,0,0,0,0,0,0,0,0,0,0,0,0,0,0,0,0,0,0,1,0,0,0,1
0.48.24.15,7,1,6,253923.59,433082.41,344757.13,5,18.5,1,1,1,0,,0,0,,1,1,"0.Occupations not requiring qualifications.Technicians and technical professionals.Managing directors, managers",1,0,0,0,0,0,0,0,0,0,0,0,0,0,0,1,0,0,0,0,0,0,0,0,1,0,0,0,0,0,0,0,0,0,0,0,0,0,0,0,0,0,0,0,0,0,0,0,1,0,0,0,1
0.48.24.48,5,0,5,74525.422,,103331.47,,2.4000001,1,0,1,,,,,,,,0.Occupations not requiring qualifications.Technicians and technical professionals.Occupations not requiring qualifications,1,0,0,0,0,0,0,0,0,0,0,0,0,0,0,1,0,0,0,0,0,0,0,0,1,0,0,0,0,0,0,0,0,0,0,0,0,0,0,0,0,0,0,0,0,0,0,0,1,0,0,1,1
0.48.24.48.15,4,0,4,45426.094,,134958.59,,12.25,1,0,1,,,,,,,0,"0.Occupations not requiring qualifications.Technicians and technical professionals.Occupations not requiring qualifications.Managing directors, managers",1,0,0,0,0,0,0,0,0,0,0,0,0,0,0,1,0,0,0,0,0,0,0,0,1,0,0,0,0,0,0,0,0,0,0,0,0,0,0,0,0,0,0,0,0,0,0,0,1,0,0,1,1
0.48.29,49,16,33,365404.22,125401.23,129301.8,17.6875,23.454546,1,1,1,1,1,0,0,0,1,,"0.Occupations not requiring qualifications.Business related services administrators, agents",1,0,0,0,0,0,0,0,0,0,0,0,0,0,0,1,0,0,0,0,0,0,0,0,0,0,0,0,0,1,0,0,0,0,0,0,0,0,0,0,0,0,0,0,0,0,0,0,1,0,0,0,1
0.48.29.15,26,9,17,93798.25,210499.31,206479.5,21.888889,22.941177,1,0,1,0,0,0,0,0,1,0,"0.Occupations not requiring qualifications.Business related services administrators, agents.Managing directors, managers",1,0,0,0,0,0,0,0,0,0,0,0,0,0,0,1,0,0,0,0,0,0,0,0,0,0,0,0,0,1,0,0,0,0,0,0,0,0,0,0,0,0,0,0,0,0,0,0,1,0,0,0,1
0.48.32,25,8,17,461481.13,88739.773,130756.88,5.75,11.764706,1,1,1,1,1,1,1,1,1,,0.Occupations not requiring qualifications.Office clerks,1,0,0,0,0,0,0,0,0,0,0,0,0,0,0,1,0,0,0,0,0,0,0,0,0,0,0,0,0,0,0,0,1,0,0,0,0,0,0,0,0,0,0,0,0,0,0,0,1,0,0,0,1
0.48.32.15,8,3,5,212131.59,295892.25,294972.16,5,21.200001,1,1,1,0,0,0,1,1,1,1,"0.Occupations not requiring qualifications.Office clerks.Managing directors, managers",1,0,0,0,0,0,0,0,0,0,0,0,0,0,0,1,0,0,0,0,0,0,0,0,0,0,0,0,0,0,0,0,1,0,0,0,0,0,0,0,0,0,0,0,0,0,0,0,1,0,0,0,1
0.48.33,38,23,15,192624.98,113086.43,82430.602,20.565218,10.6,2,1,1,0,0,0,0,0,0,,0.Occupations not requiring qualifications.Customer services occupations,1,0,0,0,0,0,0,0,0,0,0,0,0,0,0,1,0,0,0,0,0,0,0,0,0,0,0,0,0,0,0,0,0,1,1,0,0,0,0,0,0,0,0,0,0,0,0,0,1,0,0,0,1
0.48.33.15,13,10,3,58405.789,226478.02,344747.97,23,36,2,0,1,1,1,1,1,1,1,0,"0.Occupations not requiring qualifications.Customer services occupations.Managing directors, managers",1,0,0,0,0,0,0,0,0,0,0,0,0,0,0,1,0,0,0,0,0,0,0,0,0,0,0,0,0,0,0,0,0,1,0,0,0,0,0,0,0,0,0,0,0,0,0,0,1,0,0,0,1
0.48.33.34,11,8,3,52088.457,117921.61,126281.95,25.625,39.333332,2,0,1,1,1,1,1,1,1,,0.Occupations not requiring qualifications.Customer services occupations.Commercial and catering occupations,1,0,0,0,0,0,0,0,0,0,0,0,0,0,0,1,0,0,0,0,0,0,0,0,0,0,0,0,0,0,0,0,0,1,1,0,0,0,0,0,0,0,0,0,0,0,0,0,1,0,0,0,1
0.48.33.34.15,8,5,3,29660.053,198684.56,183594,8.1999998,5.6666665,2,0,1,0,0,0,0,0,0,0,"0.Occupations not requiring qualifications.Customer services occupations.Commercial and catering occupations.Managing directors, managers",1,0,0,0,0,0,0,0,0,0,0,0,0,0,0,1,0,0,0,0,0,0,0,0,0,0,0,0,0,0,0,0,0,1,1,0,0,0,0,0,0,0,0,0,0,0,0,0,1,0,0,0,1
0.48.34,233,126,107,242628.73,93606.313,101138.05,20.261906,17.495327,0,1,1,1,1,1,1,1,0,,0.Occupations not requiring qualifications.Commercial and catering occupations,1,0,0,0,0,0,0,0,0,0,0,0,0,0,0,1,0,0,0,0,0,0,0,0,0,0,0,0,0,1,0,0,0,1,1,0,0,0,0,0,0,0,0,0,0,0,0,0,1,0,0,0,1
0.48.34.15,116,62,54,87784.68,185307.92,200673.89,13.16129,16.611111,0,0,1,1,1,1,1,1,1,0,"0.Occupations not requiring qualifications.Commercial and catering occupations.Managing directors, managers",1,0,0,0,0,0,0,0,0,0,0,0,0,0,0,1,0,0,0,0,0,0,0,0,0,0,0,0,0,0,0,0,0,0,1,0,0,0,0,0,0,0,0,0,0,0,0,0,1,0,0,0,1
0.48.34.29,13,8,5,160050.64,104898.72,104966.41,14.25,19.6,2,1,1,1,1,0,0,0,1,,"0.Occupations not requiring qualifications.Commercial and catering occupations.Business related services administrators, agents",1,0,0,0,0,0,0,0,0,0,0,0,0,0,0,1,0,0,0,0,0,0,0,0,0,0,0,0,0,1,0,0,0,0,1,0,0,0,0,0,0,0,0,0,0,0,0,0,1,0,0,0,1
0.48.34.29.15,4,3,1,38608.02,182072.86,170345.92,26.666666,42,2,0,1,0,,0,1,,1,0,"0.Occupations not requiring qualifications.Commercial and catering occupations.Business related services administrators, agents.Managing directors, managers",1,0,0,0,0,0,0,0,0,0,0,0,0,0,0,1,0,0,0,0,0,0,0,0,0,0,0,0,0,1,0,0,0,0,1,0,0,0,0,0,0,0,0,0,0,0,0,0,1,0,0,0,1
0.48.34.33,14,9,5,108595.77,91125.641,123610.88,15.111111,5.1999998,2,0,1,1,1,1,1,1,0,,0.Occupations not requiring qualifications.Commercial and catering occupations.Customer services occupations,1,0,0,0,0,0,0,0,0,0,0,0,0,0,0,1,0,0,0,0,0,0,0,0,0,0,0,0,0,0,0,0,0,1,1,0,0,0,0,0,0,0,0,0,0,0,0,0,1,0,0,0,1
0.48.34.33.15,5,2,3,118159.21,142868.83,281934.22,30,15.333333,1,0,1,1,1,1,1,1,0,0,"0.Occupations not requiring qualifications.Commercial and catering occupations.Customer services occupations.Managing directors, managers",1,0,0,0,0,0,0,0,0,0,0,0,0,0,0,1,0,0,0,0,0,0,0,0,0,0,0,0,0,0,0,0,0,1,1,0,0,0,0,0,0,0,0,0,0,0,0,0,1,0,0,0,1
0.48.34.33.34,6,5,1,29223.063,100454.3,108986,23.799999,6,2,0,1,1,,1,1,,0,,0.Occupations not requiring qualifications.Commercial and catering occupations.Customer services occupations.Commercial and catering occupations,1,0,0,0,0,0,0,0,0,0,0,0,0,0,0,1,0,0,0,0,0,0,0,0,0,0,0,0,0,0,0,0,0,1,1,0,0,0,0,0,0,0,0,0,0,0,0,0,1,0,0,1,1
0.48.34.33.34.15,5,5,0,51987.988,175685.64,,14.4,,2,0,1,,,,,,,0,"0.Occupations not requiring qualifications.Commercial and catering occupations.Customer services occupations.Commercial and catering occupations.Managing directors, managers",1,0,0,0,0,0,0,0,0,0,0,0,0,0,0,1,0,0,0,0,0,0,0,0,0,0,0,0,0,0,0,0,0,1,1,0,0,0,0,0,0,0,0,0,0,0,0,0,1,0,0,1,1
0.48.34.48,47,28,19,45540.273,76503.281,83306.789,8.9642859,13.421053,0,0,1,1,1,1,1,1,1,,0.Occupations not requiring qualifications.Commercial and catering occupations.Occupations not requiring qualifications,1,0,0,0,0,0,0,0,0,0,0,0,0,0,0,1,0,0,0,0,0,0,0,0,0,0,0,0,0,0,0,0,0,0,1,0,0,0,0,0,0,0,0,0,0,0,0,0,1,0,0,1,1
0.48.34.48.15,14,9,5,238607.94,204534.89,158733.8,17.888889,26.6,2,1,1,0,0,0,0,0,1,0,"0.Occupations not requiring qualifications.Commercial and catering occupations.Occupations not requiring qualifications.Managing directors, managers",1,0,0,0,0,0,0,0,0,0,0,0,0,0,0,1,0,0,0,0,0,0,0,0,0,0,0,0,0,0,0,0,0,0,1,0,0,0,0,0,0,0,0,0,0,0,0,0,1,0,0,1,1
0.48.34.48.34,24,15,9,188747.11,110973,110108.95,13.533334,10.666667,2,1,1,0,0,0,1,1,0,,0.Occupations not requiring qualifications.Commercial and catering occupations.Occupations not requiring qualifications.Commercial and catering occupations,1,0,0,0,0,0,0,0,0,0,0,0,0,0,0,1,0,0,0,0,0,0,0,0,0,0,0,0,0,0,0,0,0,0,1,0,0,0,0,0,0,0,0,0,0,0,0,0,1,0,0,2,1
0.48.34.48.34.15,13,9,4,49031.941,192526.52,138178.5,12.555555,6.75,2,0,1,0,0,0,1,1,0,0,"0.Occupations not requiring qualifications.Commercial and catering occupations.Occupations not requiring qualifications.Commercial and catering occupations.Managing directors, managers",1,0,0,0,0,0,0,0,0,0,0,0,0,0,0,1,0,0,0,0,0,0,0,0,0,0,0,0,0,0,0,0,0,0,1,0,0,0,0,0,0,0,0,0,0,0,0,0,1,0,0,2,1
0.48.35,23,4,19,200009.34,62072.973,104596.92,9.5,15.578947,1,1,1,1,1,1,1,1,1,,0.Occupations not requiring qualifications.Service workers,1,0,0,0,0,0,0,0,0,0,0,0,0,0,0,1,0,0,0,0,0,0,0,0,0,0,0,0,0,0,0,0,0,0,0,1,0,0,0,0,0,0,0,0,0,0,0,0,1,0,0,0,1
0.48.35.15,8,0,8,16297.216,,104416.01,,10.25,1,0,1,,,,,,,0,"0.Occupations not requiring qualifications.Service workers.Managing directors, managers",1,0,0,0,0,0,0,0,0,0,0,0,0,0,0,1,0,0,0,0,0,0,0,0,0,0,0,0,0,0,0,0,0,0,0,1,0,0,0,0,0,0,0,0,0,0,0,0,1,0,0,0,1
0.48.44,24,5,19,311830.22,80174.461,105410.45,2,13.157895,1,1,1,1,1,1,1,1,1,,0.Occupations not requiring qualifications.Manufacturing machine operators,1,0,0,0,0,0,0,0,0,0,0,0,0,0,0,1,0,0,0,0,0,0,0,0,0,0,0,0,0,0,0,0,0,0,0,0,0,0,0,0,0,0,0,0,1,0,0,0,1,0,0,0,1
0.48.44.15,6,1,5,27188.445,95163,135903.02,1,3.5999999,1,0,1,1,,1,0,,1,0,"0.Occupations not requiring qualifications.Manufacturing machine operators.Managing directors, managers",1,0,0,0,0,0,0,0,0,0,0,0,0,0,0,1,0,0,0,0,0,0,0,0,0,0,0,0,0,0,0,0,0,0,0,0,0,0,0,0,0,0,0,0,1,0,0,0,1,0,0,0,1
0.48.45,28,10,18,244363.41,96113.93,121075.09,17.5,8.7222223,1,1,1,1,1,1,1,1,0,,0.Occupations not requiring qualifications.Assemblers,1,0,0,0,0,0,0,0,0,0,0,0,0,0,0,1,0,0,0,0,0,0,0,0,0,0,0,0,0,0,0,0,0,0,0,0,0,0,0,0,0,0,0,0,0,1,0,0,1,0,0,0,1
0.48.45.15,6,1,5,691849.63,344863.44,251174.59,7,10.4,1,1,1,0,,0,0,,1,1,"0.Occupations not requiring qualifications.Assemblers.Managing directors, managers",1,0,0,0,0,0,0,0,0,0,0,0,0,0,0,1,0,0,0,0,0,0,0,0,0,0,0,0,0,0,0,0,0,0,0,0,0,0,0,0,0,0,0,0,0,1,0,0,1,0,0,0,1
0.48.47,21,1,20,56454.605,69977,124939.77,1,19.299999,1,0,1,1,,1,1,,1,,0.Occupations not requiring qualifications.Drivers and mobile machinery operators,1,0,0,0,0,0,0,0,0,0,0,0,0,0,0,1,0,0,0,0,0,0,0,0,0,0,0,0,0,0,0,0,0,0,0,0,0,0,0,0,0,0,0,0,0,0,0,1,1,0,0,0,1
0.48.47.15,6,0,6,68536.164,,217070.66,,16.5,1,0,1,,,,,,,0,"0.Occupations not requiring qualifications.Drivers and mobile machinery operators.Managing directors, managers",1,0,0,0,0,0,0,0,0,0,0,0,0,0,0,1,0,0,0,0,0,0,0,0,0,0,0,0,0,0,0,0,0,0,0,0,0,0,0,0,0,0,0,0,0,0,0,1,1,0,0,0,1
0.48.50,12,0,12,29624.945,,88120.031,,12.166667,1,0,1,,,,,,,,0.Occupations not requiring qualifications.Entrepreneur,1,0,0,0,0,0,0,0,0,0,0,0,0,0,0,1,0,0,0,0,0,0,0,0,0,0,0,0,0,0,0,0,0,0,0,0,0,0,0,0,0,0,0,0,0,0,0,0,1,0,1,0,1
0.48.50.15,5,0,5,75490.523,,207762.22,,7.5999999,1,0,1,,,,,,,0,"0.Occupations not requiring qualifications.Entrepreneur.Managing directors, managers",1,0,0,0,0,0,0,0,0,0,0,0,0,0,0,1,0,0,0,0,0,0,0,0,0,0,0,0,0,0,0,0,0,0,0,0,0,0,0,0,0,0,0,0,0,0,0,0,1,0,1,0,1
0.50,45,16,29,,72865.344,84287.109,11.125,16.586206,1,,,1,1,1,,,1,,0.Entrepreneur,1,0,0,0,0,0,0,0,0,0,0,0,0,0,0,1,0,0,0,0,0,0,0,0,0,0,0,0,0,0,0,0,0,0,0,0,0,0,0,0,0,0,0,0,0,0,0,0,0,0,1,0,1
0.50.15,10,2,8,17083.336,82550.25,186027.86,3.5,53.125,1,0,1,1,1,1,1,1,1,0,"0.Entrepreneur.Managing directors, managers",1,0,0,0,0,0,0,0,0,0,0,0,0,0,0,1,0,0,0,0,0,0,0,0,0,0,0,0,0,0,0,0,0,0,0,0,0,0,0,0,0,0,0,0,0,0,0,0,0,0,1,0,1
